[    2321ms] [ERROR] Failed to load resource: net::ERR_FAILED @ chrome-extension://invalid/:0
[    2443ms] [ERROR] Failed to load resource: net::ERR_FAILED @ chrome-extension://invalid/:0
[    2575ms] [ERROR] Failed to load resource: net::ERR_FAILED @ chrome-extension://invalid/:0
[    3328ms] [LOG] %c EvalError
    at oM (https://client.protechts.net/PXdOjV695v/main.min.js:2:68828)
    at qO (https://client.protechts.net/PXdOjV695v/main.min.js:2:74656)
    at Ke (https://client.protechts.net/PXdOjV695v/main.min.js:2:227883)
    at Kc (https://client.protechts.net/PXdOjV695v/main.min.js:2:227509)
    at https://client.protechts.net/PXdOjV695v/main.min.js:2:229231
    at https://client.protechts.net/PXdOjV695v/main.min.js:2:229237
    at https://client.protechts.net/PXdOjV695v/main.min.js:2:229702 @ https://client.protechts.net/PXdOjV695v/main.min.js:1
[    3335ms] [LOG] %c EvalError
    at oM (https://client.protechts.net/PXdOjV695v/main.min.js:2:68828)
    at qO (https://client.protechts.net/PXdOjV695v/main.min.js:2:74656)
    at Ke (https://client.protechts.net/PXdOjV695v/main.min.js:2:227883)
    at Kc (https://client.protechts.net/PXdOjV695v/main.min.js:2:227509)
    at https://client.protechts.net/PXdOjV695v/main.min.js:2:229231
    at https://client.protechts.net/PXdOjV695v/main.min.js:2:229237
    at https://client.protechts.net/PXdOjV695v/main.min.js:2:229702 @ https://client.protechts.net/PXdOjV695v/main.min.js:1
[    3347ms] [ERROR] Failed to load resource: net::ERR_FAILED @ chrome-extension://invalid/:0
[    3598ms] [ERROR] Failed to load resource: net::ERR_FAILED @ chrome-extension://invalid/:0
[    3678ms] [WARNING] VIDEOJS: WARN: Using the tech directly can be dangerous. I hope you know what you're doing.
See https://github.com/videojs/video.js/issues/2617 for more info.
 @ https://static.licdn.com/aero-v1/sc/h/assets/Bu1PuxGM.js:0
[    3723ms] [ERROR] Failed to load resource: net::ERR_FAILED @ chrome-extension://invalid/:0
[    3825ms] [ERROR] Failed to load resource: net::ERR_FAILED @ chrome-extension://invalid/:0
[    3926ms] [ERROR] Failed to load resource: net::ERR_FAILED @ chrome-extension://invalid/:0
[    4028ms] [ERROR] Failed to load resource: net::ERR_FAILED @ chrome-extension://invalid/:0
[    4129ms] [ERROR] Failed to load resource: net::ERR_FAILED @ chrome-extension://invalid/:0
[    4230ms] [ERROR] Failed to load resource: net::ERR_FAILED @ chrome-extension://invalid/:0
[    4333ms] [ERROR] Failed to load resource: net::ERR_FAILED @ chrome-extension://invalid/:0
[    4435ms] [ERROR] Failed to load resource: net::ERR_FAILED @ chrome-extension://invalid/:0
[    4537ms] [ERROR] Failed to load resource: net::ERR_FAILED @ chrome-extension://invalid/:0
[    4638ms] [ERROR] Failed to load resource: net::ERR_FAILED @ chrome-extension://invalid/:0
[    4740ms] [ERROR] Failed to load resource: net::ERR_FAILED @ chrome-extension://invalid/:0
[    4842ms] [ERROR] Failed to load resource: net::ERR_FAILED @ chrome-extension://invalid/:0
[    4944ms] [ERROR] Failed to load resource: net::ERR_FAILED @ chrome-extension://invalid/:0
[    5046ms] [ERROR] Failed to load resource: net::ERR_FAILED @ chrome-extension://invalid/:0
[    5147ms] [ERROR] Failed to load resource: net::ERR_FAILED @ chrome-extension://invalid/:0
[    5249ms] [ERROR] Failed to load resource: net::ERR_FAILED @ chrome-extension://invalid/:0
[    5352ms] [ERROR] Failed to load resource: net::ERR_FAILED @ chrome-extension://invalid/:0
[    5455ms] [ERROR] Failed to load resource: net::ERR_FAILED @ chrome-extension://invalid/:0
[    5560ms] [ERROR] Failed to load resource: net::ERR_FAILED @ chrome-extension://invalid/:0
[    5665ms] [ERROR] Failed to load resource: net::ERR_FAILED @ chrome-extension://invalid/:0
[    5772ms] [ERROR] Failed to load resource: net::ERR_FAILED @ chrome-extension://invalid/:0
[    5875ms] [ERROR] Failed to load resource: net::ERR_FAILED @ chrome-extension://invalid/:0
[    5976ms] [ERROR] Failed to load resource: net::ERR_FAILED @ chrome-extension://invalid/:0
[    6078ms] [ERROR] Failed to load resource: net::ERR_FAILED @ chrome-extension://invalid/:0
[    6184ms] [ERROR] Failed to load resource: net::ERR_FAILED @ chrome-extension://invalid/:0
[    6290ms] [ERROR] Failed to load resource: net::ERR_FAILED @ chrome-extension://invalid/:0
[    6394ms] [ERROR] Failed to load resource: net::ERR_FAILED @ chrome-extension://invalid/:0
[    6497ms] [ERROR] Failed to load resource: net::ERR_FAILED @ chrome-extension://invalid/:0
[    6600ms] [ERROR] Failed to load resource: net::ERR_FAILED @ chrome-extension://invalid/:0
[    6702ms] [ERROR] Failed to load resource: net::ERR_FAILED @ chrome-extension://invalid/:0
[    6808ms] [ERROR] Failed to load resource: net::ERR_FAILED @ chrome-extension://invalid/:0
[    6914ms] [ERROR] Failed to load resource: net::ERR_FAILED @ chrome-extension://invalid/:0
[    7017ms] [ERROR] Failed to load resource: net::ERR_FAILED @ chrome-extension://invalid/:0
[    7119ms] [ERROR] Failed to load resource: net::ERR_FAILED @ chrome-extension://invalid/:0
[    7220ms] [ERROR] Failed to load resource: net::ERR_FAILED @ chrome-extension://invalid/:0
[    7320ms] [ERROR] Failed to load resource: net::ERR_FAILED @ chrome-extension://invalid/:0
[    7423ms] [ERROR] Failed to load resource: net::ERR_FAILED @ chrome-extension://invalid/:0
[    7527ms] [ERROR] Failed to load resource: net::ERR_FAILED @ chrome-extension://invalid/:0
[    7631ms] [ERROR] Failed to load resource: net::ERR_FAILED @ chrome-extension://invalid/:0
[    7736ms] [ERROR] Failed to load resource: net::ERR_FAILED @ chrome-extension://invalid/:0
[    7842ms] [ERROR] Failed to load resource: net::ERR_FAILED @ chrome-extension://invalid/:0
[    7945ms] [ERROR] Failed to load resource: net::ERR_FAILED @ chrome-extension://invalid/:0
[    8048ms] [ERROR] Failed to load resource: net::ERR_FAILED @ chrome-extension://invalid/:0
[    8151ms] [ERROR] Failed to load resource: net::ERR_FAILED @ chrome-extension://invalid/:0
[    8255ms] [ERROR] Failed to load resource: net::ERR_FAILED @ chrome-extension://invalid/:0
[    8360ms] [ERROR] Failed to load resource: net::ERR_FAILED @ chrome-extension://invalid/:0
[    8465ms] [ERROR] Failed to load resource: net::ERR_FAILED @ chrome-extension://invalid/:0
[    8569ms] [ERROR] Failed to load resource: net::ERR_FAILED @ chrome-extension://invalid/:0
[    8674ms] [ERROR] Failed to load resource: net::ERR_FAILED @ chrome-extension://invalid/:0
[    8777ms] [ERROR] Failed to load resource: net::ERR_FAILED @ chrome-extension://invalid/:0
[    8879ms] [ERROR] Failed to load resource: net::ERR_FAILED @ chrome-extension://invalid/:0
[    8984ms] [ERROR] Failed to load resource: net::ERR_FAILED @ chrome-extension://invalid/:0
[    9085ms] [ERROR] Failed to load resource: net::ERR_FAILED @ chrome-extension://invalid/:0
[    9187ms] [ERROR] Failed to load resource: net::ERR_FAILED @ chrome-extension://invalid/:0
[    9292ms] [ERROR] Failed to load resource: net::ERR_FAILED @ chrome-extension://invalid/:0
[    9396ms] [ERROR] Failed to load resource: net::ERR_FAILED @ chrome-extension://invalid/:0
[    9500ms] [ERROR] Failed to load resource: net::ERR_FAILED @ chrome-extension://invalid/:0
[    9603ms] [ERROR] Failed to load resource: net::ERR_FAILED @ chrome-extension://invalid/:0
[    9706ms] [ERROR] Failed to load resource: net::ERR_FAILED @ chrome-extension://invalid/:0
[    9809ms] [ERROR] Failed to load resource: net::ERR_FAILED @ chrome-extension://invalid/:0
[    9911ms] [ERROR] Failed to load resource: net::ERR_FAILED @ chrome-extension://invalid/:0
[   10016ms] [ERROR] Failed to load resource: net::ERR_FAILED @ chrome-extension://invalid/:0
[   10120ms] [ERROR] Failed to load resource: net::ERR_FAILED @ chrome-extension://invalid/:0
[   10223ms] [ERROR] Failed to load resource: net::ERR_FAILED @ chrome-extension://invalid/:0
[   10324ms] [ERROR] Failed to load resource: net::ERR_FAILED @ chrome-extension://invalid/:0
[   10429ms] [ERROR] Failed to load resource: net::ERR_FAILED @ chrome-extension://invalid/:0
[   10532ms] [ERROR] Failed to load resource: net::ERR_FAILED @ chrome-extension://invalid/:0
[   10639ms] [ERROR] Failed to load resource: net::ERR_FAILED @ chrome-extension://invalid/:0
[   10742ms] [ERROR] Failed to load resource: net::ERR_FAILED @ chrome-extension://invalid/:0
[   10846ms] [ERROR] Failed to load resource: net::ERR_FAILED @ chrome-extension://invalid/:0
[   10948ms] [ERROR] Failed to load resource: net::ERR_FAILED @ chrome-extension://invalid/:0
[   11051ms] [ERROR] Failed to load resource: net::ERR_FAILED @ chrome-extension://invalid/:0
[   11152ms] [ERROR] Failed to load resource: net::ERR_FAILED @ chrome-extension://invalid/:0
[   11253ms] [ERROR] Failed to load resource: net::ERR_FAILED @ chrome-extension://invalid/:0
[   11357ms] [ERROR] Failed to load resource: net::ERR_FAILED @ chrome-extension://invalid/:0
[   11460ms] [ERROR] Failed to load resource: net::ERR_FAILED @ chrome-extension://invalid/:0
[   11566ms] [ERROR] Failed to load resource: net::ERR_FAILED @ chrome-extension://invalid/:0
[   11670ms] [ERROR] Failed to load resource: net::ERR_FAILED @ chrome-extension://invalid/:0
[   11771ms] [ERROR] Failed to load resource: net::ERR_FAILED @ chrome-extension://invalid/:0
[   11877ms] [ERROR] Failed to load resource: net::ERR_FAILED @ chrome-extension://invalid/:0
[   11983ms] [ERROR] Failed to load resource: net::ERR_FAILED @ chrome-extension://invalid/:0
[   12089ms] [ERROR] Failed to load resource: net::ERR_FAILED @ chrome-extension://invalid/:0
[   12191ms] [ERROR] Failed to load resource: net::ERR_FAILED @ chrome-extension://invalid/:0
[   12296ms] [ERROR] Failed to load resource: net::ERR_FAILED @ chrome-extension://invalid/:0
[   12400ms] [ERROR] Failed to load resource: net::ERR_FAILED @ chrome-extension://invalid/:0
[   12508ms] [ERROR] Failed to load resource: net::ERR_FAILED @ chrome-extension://invalid/:0
[   12614ms] [ERROR] Failed to load resource: net::ERR_FAILED @ chrome-extension://invalid/:0
[   12720ms] [ERROR] Failed to load resource: net::ERR_FAILED @ chrome-extension://invalid/:0
[   12823ms] [ERROR] Failed to load resource: net::ERR_FAILED @ chrome-extension://invalid/:0
[   12928ms] [ERROR] Failed to load resource: net::ERR_FAILED @ chrome-extension://invalid/:0
[   13031ms] [ERROR] Failed to load resource: net::ERR_FAILED @ chrome-extension://invalid/:0
[   13134ms] [ERROR] Failed to load resource: net::ERR_FAILED @ chrome-extension://invalid/:0
[   13236ms] [ERROR] Failed to load resource: net::ERR_FAILED @ chrome-extension://invalid/:0
[   13341ms] [ERROR] Failed to load resource: net::ERR_FAILED @ chrome-extension://invalid/:0
[   13443ms] [ERROR] Failed to load resource: net::ERR_FAILED @ chrome-extension://invalid/:0
[   13544ms] [ERROR] Failed to load resource: net::ERR_FAILED @ chrome-extension://invalid/:0
[   13646ms] [ERROR] Failed to load resource: net::ERR_FAILED @ chrome-extension://invalid/:0
[   13747ms] [ERROR] Failed to load resource: net::ERR_FAILED @ chrome-extension://invalid/:0
[   13851ms] [ERROR] Failed to load resource: net::ERR_FAILED @ chrome-extension://invalid/:0
[   13952ms] [ERROR] Failed to load resource: net::ERR_FAILED @ chrome-extension://invalid/:0
[   14053ms] [ERROR] Failed to load resource: net::ERR_FAILED @ chrome-extension://invalid/:0
[   14154ms] [ERROR] Failed to load resource: net::ERR_FAILED @ chrome-extension://invalid/:0
[   14258ms] [ERROR] Failed to load resource: net::ERR_FAILED @ chrome-extension://invalid/:0
[   14364ms] [ERROR] Failed to load resource: net::ERR_FAILED @ chrome-extension://invalid/:0
[   14468ms] [ERROR] Failed to load resource: net::ERR_FAILED @ chrome-extension://invalid/:0
[   14573ms] [ERROR] Failed to load resource: net::ERR_FAILED @ chrome-extension://invalid/:0
[   14675ms] [ERROR] Failed to load resource: net::ERR_FAILED @ chrome-extension://invalid/:0
[   14779ms] [ERROR] Failed to load resource: net::ERR_FAILED @ chrome-extension://invalid/:0
[   14882ms] [ERROR] Failed to load resource: net::ERR_FAILED @ chrome-extension://invalid/:0
[   14985ms] [ERROR] Failed to load resource: net::ERR_FAILED @ chrome-extension://invalid/:0
[   15089ms] [ERROR] Failed to load resource: net::ERR_FAILED @ chrome-extension://invalid/:0
[   15191ms] [ERROR] Failed to load resource: net::ERR_FAILED @ chrome-extension://invalid/:0
[   15294ms] [ERROR] Failed to load resource: net::ERR_FAILED @ chrome-extension://invalid/:0
[   15399ms] [ERROR] Failed to load resource: net::ERR_FAILED @ chrome-extension://invalid/:0
[   15502ms] [ERROR] Failed to load resource: net::ERR_FAILED @ chrome-extension://invalid/:0
[   15608ms] [ERROR] Failed to load resource: net::ERR_FAILED @ chrome-extension://invalid/:0
[   15712ms] [ERROR] Failed to load resource: net::ERR_FAILED @ chrome-extension://invalid/:0
[   15813ms] [ERROR] Failed to load resource: net::ERR_FAILED @ chrome-extension://invalid/:0
[   15915ms] [ERROR] Failed to load resource: net::ERR_FAILED @ chrome-extension://invalid/:0
[   16019ms] [ERROR] Failed to load resource: net::ERR_FAILED @ chrome-extension://invalid/:0
[   16122ms] [ERROR] Failed to load resource: net::ERR_FAILED @ chrome-extension://invalid/:0
[   16225ms] [ERROR] Failed to load resource: net::ERR_FAILED @ chrome-extension://invalid/:0
[   16326ms] [ERROR] Failed to load resource: net::ERR_FAILED @ chrome-extension://invalid/:0
[   16428ms] [ERROR] Failed to load resource: net::ERR_FAILED @ chrome-extension://invalid/:0
[   16533ms] [ERROR] Failed to load resource: net::ERR_FAILED @ chrome-extension://invalid/:0
[   16635ms] [ERROR] Failed to load resource: net::ERR_FAILED @ chrome-extension://invalid/:0
[   16740ms] [ERROR] Failed to load resource: net::ERR_FAILED @ chrome-extension://invalid/:0
[   16842ms] [ERROR] Failed to load resource: net::ERR_FAILED @ chrome-extension://invalid/:0
[   16943ms] [ERROR] Failed to load resource: net::ERR_FAILED @ chrome-extension://invalid/:0
[   17046ms] [ERROR] Failed to load resource: net::ERR_FAILED @ chrome-extension://invalid/:0
[   17148ms] [ERROR] Failed to load resource: net::ERR_FAILED @ chrome-extension://invalid/:0
[   17250ms] [ERROR] Failed to load resource: net::ERR_FAILED @ chrome-extension://invalid/:0
[   17352ms] [ERROR] Failed to load resource: net::ERR_FAILED @ chrome-extension://invalid/:0
[   17455ms] [ERROR] Failed to load resource: net::ERR_FAILED @ chrome-extension://invalid/:0
[   17560ms] [ERROR] Failed to load resource: net::ERR_FAILED @ chrome-extension://invalid/:0
[   17665ms] [ERROR] Failed to load resource: net::ERR_FAILED @ chrome-extension://invalid/:0
[   17770ms] [ERROR] Failed to load resource: net::ERR_FAILED @ chrome-extension://invalid/:0
[   17876ms] [ERROR] Failed to load resource: net::ERR_FAILED @ chrome-extension://invalid/:0
[   17981ms] [ERROR] Failed to load resource: net::ERR_FAILED @ chrome-extension://invalid/:0
[   18084ms] [ERROR] Failed to load resource: net::ERR_FAILED @ chrome-extension://invalid/:0
[   18190ms] [ERROR] Failed to load resource: net::ERR_FAILED @ chrome-extension://invalid/:0
[   18294ms] [ERROR] Failed to load resource: net::ERR_FAILED @ chrome-extension://invalid/:0
[   18398ms] [ERROR] Failed to load resource: net::ERR_FAILED @ chrome-extension://invalid/:0
[   18502ms] [ERROR] Failed to load resource: net::ERR_FAILED @ chrome-extension://invalid/:0
[   18604ms] [ERROR] Failed to load resource: net::ERR_FAILED @ chrome-extension://invalid/:0
[   18707ms] [ERROR] Failed to load resource: net::ERR_FAILED @ chrome-extension://invalid/:0
[   18813ms] [ERROR] Failed to load resource: net::ERR_FAILED @ chrome-extension://invalid/:0
[   18914ms] [ERROR] Failed to load resource: net::ERR_FAILED @ chrome-extension://invalid/:0
[   19019ms] [ERROR] Failed to load resource: net::ERR_FAILED @ chrome-extension://invalid/:0
[   19121ms] [ERROR] Failed to load resource: net::ERR_FAILED @ chrome-extension://invalid/:0
[   19223ms] [ERROR] Failed to load resource: net::ERR_FAILED @ chrome-extension://invalid/:0
[   19325ms] [ERROR] Failed to load resource: net::ERR_FAILED @ chrome-extension://invalid/:0
[   19428ms] [ERROR] Failed to load resource: net::ERR_FAILED @ chrome-extension://invalid/:0
[   19530ms] [ERROR] Failed to load resource: net::ERR_FAILED @ chrome-extension://invalid/:0
[   19632ms] [ERROR] Failed to load resource: net::ERR_FAILED @ chrome-extension://invalid/:0
[   19738ms] [ERROR] Failed to load resource: net::ERR_FAILED @ chrome-extension://invalid/:0
[   19842ms] [ERROR] Failed to load resource: net::ERR_FAILED @ chrome-extension://invalid/:0
[   19944ms] [ERROR] Failed to load resource: net::ERR_FAILED @ chrome-extension://invalid/:0
[   20047ms] [ERROR] Failed to load resource: net::ERR_FAILED @ chrome-extension://invalid/:0
[   20149ms] [ERROR] Failed to load resource: net::ERR_FAILED @ chrome-extension://invalid/:0
[   20250ms] [ERROR] Failed to load resource: net::ERR_FAILED @ chrome-extension://invalid/:0
[   20351ms] [ERROR] Failed to load resource: net::ERR_FAILED @ chrome-extension://invalid/:0
[   20452ms] [ERROR] Failed to load resource: net::ERR_FAILED @ chrome-extension://invalid/:0
[   20555ms] [ERROR] Failed to load resource: net::ERR_FAILED @ chrome-extension://invalid/:0
[   20659ms] [ERROR] Failed to load resource: net::ERR_FAILED @ chrome-extension://invalid/:0
[   20760ms] [ERROR] Failed to load resource: net::ERR_FAILED @ chrome-extension://invalid/:0
[   20864ms] [ERROR] Failed to load resource: net::ERR_FAILED @ chrome-extension://invalid/:0
[   20969ms] [ERROR] Failed to load resource: net::ERR_FAILED @ chrome-extension://invalid/:0
[   21071ms] [ERROR] Failed to load resource: net::ERR_FAILED @ chrome-extension://invalid/:0
[   21175ms] [ERROR] Failed to load resource: net::ERR_FAILED @ chrome-extension://invalid/:0
[   21278ms] [ERROR] Failed to load resource: net::ERR_FAILED @ chrome-extension://invalid/:0
[   21380ms] [ERROR] Failed to load resource: net::ERR_FAILED @ chrome-extension://invalid/:0
[   21482ms] [ERROR] Failed to load resource: net::ERR_FAILED @ chrome-extension://invalid/:0
[   21585ms] [ERROR] Failed to load resource: net::ERR_FAILED @ chrome-extension://invalid/:0
[   21688ms] [ERROR] Failed to load resource: net::ERR_FAILED @ chrome-extension://invalid/:0
[   21791ms] [ERROR] Failed to load resource: net::ERR_FAILED @ chrome-extension://invalid/:0
[   21897ms] [ERROR] Failed to load resource: net::ERR_FAILED @ chrome-extension://invalid/:0
[   22002ms] [ERROR] Failed to load resource: net::ERR_FAILED @ chrome-extension://invalid/:0
[   22107ms] [ERROR] Failed to load resource: net::ERR_FAILED @ chrome-extension://invalid/:0
[   22213ms] [ERROR] Failed to load resource: net::ERR_FAILED @ chrome-extension://invalid/:0
[   22315ms] [ERROR] Failed to load resource: net::ERR_FAILED @ chrome-extension://invalid/:0
[   22417ms] [ERROR] Failed to load resource: net::ERR_FAILED @ chrome-extension://invalid/:0
[   22520ms] [ERROR] Failed to load resource: net::ERR_FAILED @ chrome-extension://invalid/:0
[   22622ms] [ERROR] Failed to load resource: net::ERR_FAILED @ chrome-extension://invalid/:0
[   22724ms] [ERROR] Failed to load resource: net::ERR_FAILED @ chrome-extension://invalid/:0
[   22826ms] [ERROR] Failed to load resource: net::ERR_FAILED @ chrome-extension://invalid/:0
[   22928ms] [ERROR] Failed to load resource: net::ERR_FAILED @ chrome-extension://invalid/:0
[   23031ms] [ERROR] Failed to load resource: net::ERR_FAILED @ chrome-extension://invalid/:0
[   23133ms] [ERROR] Failed to load resource: net::ERR_FAILED @ chrome-extension://invalid/:0
[   23236ms] [ERROR] Failed to load resource: net::ERR_FAILED @ chrome-extension://invalid/:0
[   23342ms] [ERROR] Failed to load resource: net::ERR_FAILED @ chrome-extension://invalid/:0
[   23444ms] [ERROR] Failed to load resource: net::ERR_FAILED @ chrome-extension://invalid/:0
[   23545ms] [ERROR] Failed to load resource: net::ERR_FAILED @ chrome-extension://invalid/:0
[   23646ms] [ERROR] Failed to load resource: net::ERR_FAILED @ chrome-extension://invalid/:0
[   23749ms] [ERROR] Failed to load resource: net::ERR_FAILED @ chrome-extension://invalid/:0
[   23850ms] [ERROR] Failed to load resource: net::ERR_FAILED @ chrome-extension://invalid/:0
[   23951ms] [ERROR] Failed to load resource: net::ERR_FAILED @ chrome-extension://invalid/:0
[   24052ms] [ERROR] Failed to load resource: net::ERR_FAILED @ chrome-extension://invalid/:0
[   24156ms] [ERROR] Failed to load resource: net::ERR_FAILED @ chrome-extension://invalid/:0
[   24260ms] [ERROR] Failed to load resource: net::ERR_FAILED @ chrome-extension://invalid/:0
[   24365ms] [ERROR] Failed to load resource: net::ERR_FAILED @ chrome-extension://invalid/:0
[   24471ms] [ERROR] Failed to load resource: net::ERR_FAILED @ chrome-extension://invalid/:0
[   24575ms] [ERROR] Failed to load resource: net::ERR_FAILED @ chrome-extension://invalid/:0
[   24677ms] [ERROR] Failed to load resource: net::ERR_FAILED @ chrome-extension://invalid/:0
[   24780ms] [ERROR] Failed to load resource: net::ERR_FAILED @ chrome-extension://invalid/:0
[   24886ms] [ERROR] Failed to load resource: net::ERR_FAILED @ chrome-extension://invalid/:0
[   24992ms] [ERROR] Failed to load resource: net::ERR_FAILED @ chrome-extension://invalid/:0
[   25097ms] [ERROR] Failed to load resource: net::ERR_FAILED @ chrome-extension://invalid/:0
[   25204ms] [ERROR] Failed to load resource: net::ERR_FAILED @ chrome-extension://invalid/:0
[   25311ms] [ERROR] Failed to load resource: net::ERR_FAILED @ chrome-extension://invalid/:0
[   25413ms] [ERROR] Failed to load resource: net::ERR_FAILED @ chrome-extension://invalid/:0
[   25517ms] [ERROR] Failed to load resource: net::ERR_FAILED @ chrome-extension://invalid/:0
[   25619ms] [ERROR] Failed to load resource: net::ERR_FAILED @ chrome-extension://invalid/:0
[   25723ms] [ERROR] Failed to load resource: net::ERR_FAILED @ chrome-extension://invalid/:0
[   25825ms] [ERROR] Failed to load resource: net::ERR_FAILED @ chrome-extension://invalid/:0
[   25927ms] [ERROR] Failed to load resource: net::ERR_FAILED @ chrome-extension://invalid/:0
[   26031ms] [ERROR] Failed to load resource: net::ERR_FAILED @ chrome-extension://invalid/:0
[   26135ms] [ERROR] Failed to load resource: net::ERR_FAILED @ chrome-extension://invalid/:0
[   26238ms] [ERROR] Failed to load resource: net::ERR_FAILED @ chrome-extension://invalid/:0
[   26340ms] [ERROR] Failed to load resource: net::ERR_FAILED @ chrome-extension://invalid/:0
[   26442ms] [ERROR] Failed to load resource: net::ERR_FAILED @ chrome-extension://invalid/:0
[   26543ms] [ERROR] Failed to load resource: net::ERR_FAILED @ chrome-extension://invalid/:0
[   26645ms] [ERROR] Failed to load resource: net::ERR_FAILED @ chrome-extension://invalid/:0
[   26747ms] [ERROR] Failed to load resource: net::ERR_FAILED @ chrome-extension://invalid/:0
[   26849ms] [ERROR] Failed to load resource: net::ERR_FAILED @ chrome-extension://invalid/:0
[   26951ms] [ERROR] Failed to load resource: net::ERR_FAILED @ chrome-extension://invalid/:0
[   27055ms] [ERROR] Failed to load resource: net::ERR_FAILED @ chrome-extension://invalid/:0
[   27160ms] [ERROR] Failed to load resource: net::ERR_FAILED @ chrome-extension://invalid/:0
[   27262ms] [ERROR] Failed to load resource: net::ERR_FAILED @ chrome-extension://invalid/:0
[   27365ms] [ERROR] Failed to load resource: net::ERR_FAILED @ chrome-extension://invalid/:0
[   27469ms] [ERROR] Failed to load resource: net::ERR_FAILED @ chrome-extension://invalid/:0
[   27572ms] [ERROR] Failed to load resource: net::ERR_FAILED @ chrome-extension://invalid/:0
[   27674ms] [ERROR] Failed to load resource: net::ERR_FAILED @ chrome-extension://invalid/:0
[   27774ms] [ERROR] Failed to load resource: net::ERR_FAILED @ chrome-extension://invalid/:0
[   27877ms] [ERROR] Failed to load resource: net::ERR_FAILED @ chrome-extension://invalid/:0
[   27978ms] [ERROR] Failed to load resource: net::ERR_FAILED @ chrome-extension://invalid/:0
[   28079ms] [ERROR] Failed to load resource: net::ERR_FAILED @ chrome-extension://invalid/:0
[   28181ms] [ERROR] Failed to load resource: net::ERR_FAILED @ chrome-extension://invalid/:0
[   28285ms] [ERROR] Failed to load resource: net::ERR_FAILED @ chrome-extension://invalid/:0
[   28392ms] [ERROR] Failed to load resource: net::ERR_FAILED @ chrome-extension://invalid/:0
[   28494ms] [ERROR] Failed to load resource: net::ERR_FAILED @ chrome-extension://invalid/:0
[   28599ms] [ERROR] Failed to load resource: net::ERR_FAILED @ chrome-extension://invalid/:0
[   28703ms] [ERROR] Failed to load resource: net::ERR_FAILED @ chrome-extension://invalid/:0
[   28809ms] [ERROR] Failed to load resource: net::ERR_FAILED @ chrome-extension://invalid/:0
[   28912ms] [ERROR] Failed to load resource: net::ERR_FAILED @ chrome-extension://invalid/:0
[   29015ms] [ERROR] Failed to load resource: net::ERR_FAILED @ chrome-extension://invalid/:0
[   29118ms] [ERROR] Failed to load resource: net::ERR_FAILED @ chrome-extension://invalid/:0
[   29222ms] [ERROR] Failed to load resource: net::ERR_FAILED @ chrome-extension://invalid/:0
[   29324ms] [ERROR] Failed to load resource: net::ERR_FAILED @ chrome-extension://invalid/:0
[   29427ms] [ERROR] Failed to load resource: net::ERR_FAILED @ chrome-extension://invalid/:0
[   29531ms] [ERROR] Failed to load resource: net::ERR_FAILED @ chrome-extension://invalid/:0
[   29636ms] [ERROR] Failed to load resource: net::ERR_FAILED @ chrome-extension://invalid/:0
[   29739ms] [ERROR] Failed to load resource: net::ERR_FAILED @ chrome-extension://invalid/:0
[   29841ms] [ERROR] Failed to load resource: net::ERR_FAILED @ chrome-extension://invalid/:0
[   29942ms] [ERROR] Failed to load resource: net::ERR_FAILED @ chrome-extension://invalid/:0
[   30044ms] [ERROR] Failed to load resource: net::ERR_FAILED @ chrome-extension://invalid/:0
[   30146ms] [ERROR] Failed to load resource: net::ERR_FAILED @ chrome-extension://invalid/:0
[   30247ms] [ERROR] Failed to load resource: net::ERR_FAILED @ chrome-extension://invalid/:0
[   30350ms] [ERROR] Failed to load resource: net::ERR_FAILED @ chrome-extension://invalid/:0
[   30452ms] [ERROR] Failed to load resource: net::ERR_FAILED @ chrome-extension://invalid/:0
[   30555ms] [ERROR] Failed to load resource: net::ERR_FAILED @ chrome-extension://invalid/:0
[   30658ms] [ERROR] Failed to load resource: net::ERR_FAILED @ chrome-extension://invalid/:0
[   30760ms] [ERROR] Failed to load resource: net::ERR_FAILED @ chrome-extension://invalid/:0
[   30865ms] [ERROR] Failed to load resource: net::ERR_FAILED @ chrome-extension://invalid/:0
[   30969ms] [ERROR] Failed to load resource: net::ERR_FAILED @ chrome-extension://invalid/:0
[   31072ms] [ERROR] Failed to load resource: net::ERR_FAILED @ chrome-extension://invalid/:0
[   31177ms] [ERROR] Failed to load resource: net::ERR_FAILED @ chrome-extension://invalid/:0
[   31283ms] [ERROR] Failed to load resource: net::ERR_FAILED @ chrome-extension://invalid/:0
[   31384ms] [ERROR] Failed to load resource: net::ERR_FAILED @ chrome-extension://invalid/:0
[   31487ms] [ERROR] Failed to load resource: net::ERR_FAILED @ chrome-extension://invalid/:0
[   31592ms] [ERROR] Failed to load resource: net::ERR_FAILED @ chrome-extension://invalid/:0
[   31695ms] [ERROR] Failed to load resource: net::ERR_FAILED @ chrome-extension://invalid/:0
[   31800ms] [ERROR] Failed to load resource: net::ERR_FAILED @ chrome-extension://invalid/:0
[   31902ms] [ERROR] Failed to load resource: net::ERR_FAILED @ chrome-extension://invalid/:0
[   32009ms] [ERROR] Failed to load resource: net::ERR_FAILED @ chrome-extension://invalid/:0
[   32113ms] [ERROR] Failed to load resource: net::ERR_FAILED @ chrome-extension://invalid/:0
[   32217ms] [ERROR] Failed to load resource: net::ERR_FAILED @ chrome-extension://invalid/:0
[   32319ms] [ERROR] Failed to load resource: net::ERR_FAILED @ chrome-extension://invalid/:0
[   32421ms] [ERROR] Failed to load resource: net::ERR_FAILED @ chrome-extension://invalid/:0
[   32523ms] [ERROR] Failed to load resource: net::ERR_FAILED @ chrome-extension://invalid/:0
[   32628ms] [ERROR] Failed to load resource: net::ERR_FAILED @ chrome-extension://invalid/:0
[   32731ms] [ERROR] Failed to load resource: net::ERR_FAILED @ chrome-extension://invalid/:0
[   32835ms] [ERROR] Failed to load resource: net::ERR_FAILED @ chrome-extension://invalid/:0
[   32942ms] [ERROR] Failed to load resource: net::ERR_FAILED @ chrome-extension://invalid/:0
[   33046ms] [ERROR] Failed to load resource: net::ERR_FAILED @ chrome-extension://invalid/:0
[   33147ms] [ERROR] Failed to load resource: net::ERR_FAILED @ chrome-extension://invalid/:0
[   33250ms] [ERROR] Failed to load resource: net::ERR_FAILED @ chrome-extension://invalid/:0
[   33353ms] [ERROR] Failed to load resource: net::ERR_FAILED @ chrome-extension://invalid/:0
[   33456ms] [ERROR] Failed to load resource: net::ERR_FAILED @ chrome-extension://invalid/:0
[   33561ms] [ERROR] Failed to load resource: net::ERR_FAILED @ chrome-extension://invalid/:0
[   33668ms] [ERROR] Failed to load resource: net::ERR_FAILED @ chrome-extension://invalid/:0
[   33775ms] [ERROR] Failed to load resource: net::ERR_FAILED @ chrome-extension://invalid/:0
[   33882ms] [ERROR] Failed to load resource: net::ERR_FAILED @ chrome-extension://invalid/:0
[   33989ms] [ERROR] Failed to load resource: net::ERR_FAILED @ chrome-extension://invalid/:0
[   34094ms] [ERROR] Failed to load resource: net::ERR_FAILED @ chrome-extension://invalid/:0
[   34197ms] [ERROR] Failed to load resource: net::ERR_FAILED @ chrome-extension://invalid/:0
[   34302ms] [ERROR] Failed to load resource: net::ERR_FAILED @ chrome-extension://invalid/:0
[   34406ms] [ERROR] Failed to load resource: net::ERR_FAILED @ chrome-extension://invalid/:0
[   34509ms] [ERROR] Failed to load resource: net::ERR_FAILED @ chrome-extension://invalid/:0
[   34612ms] [ERROR] Failed to load resource: net::ERR_FAILED @ chrome-extension://invalid/:0
[   34717ms] [ERROR] Failed to load resource: net::ERR_FAILED @ chrome-extension://invalid/:0
[   34819ms] [ERROR] Failed to load resource: net::ERR_FAILED @ chrome-extension://invalid/:0
[   34921ms] [ERROR] Failed to load resource: net::ERR_FAILED @ chrome-extension://invalid/:0
[   35024ms] [ERROR] Failed to load resource: net::ERR_FAILED @ chrome-extension://invalid/:0
[   35126ms] [ERROR] Failed to load resource: net::ERR_FAILED @ chrome-extension://invalid/:0
[   35227ms] [ERROR] Failed to load resource: net::ERR_FAILED @ chrome-extension://invalid/:0
[   35330ms] [ERROR] Failed to load resource: net::ERR_FAILED @ chrome-extension://invalid/:0
[   35436ms] [ERROR] Failed to load resource: net::ERR_FAILED @ chrome-extension://invalid/:0
[   35540ms] [ERROR] Failed to load resource: net::ERR_FAILED @ chrome-extension://invalid/:0
[   35641ms] [ERROR] Failed to load resource: net::ERR_FAILED @ chrome-extension://invalid/:0
[   35743ms] [ERROR] Failed to load resource: net::ERR_FAILED @ chrome-extension://invalid/:0
[   35845ms] [ERROR] Failed to load resource: net::ERR_FAILED @ chrome-extension://invalid/:0
[   35947ms] [ERROR] Failed to load resource: net::ERR_FAILED @ chrome-extension://invalid/:0
[   36049ms] [ERROR] Failed to load resource: net::ERR_FAILED @ chrome-extension://invalid/:0
[   36149ms] [ERROR] Failed to load resource: net::ERR_FAILED @ chrome-extension://invalid/:0
[   36251ms] [ERROR] Failed to load resource: net::ERR_FAILED @ chrome-extension://invalid/:0
[   36353ms] [ERROR] Failed to load resource: net::ERR_FAILED @ chrome-extension://invalid/:0
[   36458ms] [ERROR] Failed to load resource: net::ERR_FAILED @ chrome-extension://invalid/:0
[   36561ms] [ERROR] Failed to load resource: net::ERR_FAILED @ chrome-extension://invalid/:0
[   36663ms] [ERROR] Failed to load resource: net::ERR_FAILED @ chrome-extension://invalid/:0
[   36765ms] [ERROR] Failed to load resource: net::ERR_FAILED @ chrome-extension://invalid/:0
[   36871ms] [ERROR] Failed to load resource: net::ERR_FAILED @ chrome-extension://invalid/:0
[   36976ms] [ERROR] Failed to load resource: net::ERR_FAILED @ chrome-extension://invalid/:0
[   37078ms] [ERROR] Failed to load resource: net::ERR_FAILED @ chrome-extension://invalid/:0
[   37181ms] [ERROR] Failed to load resource: net::ERR_FAILED @ chrome-extension://invalid/:0
[   37283ms] [ERROR] Failed to load resource: net::ERR_FAILED @ chrome-extension://invalid/:0
[   37387ms] [ERROR] Failed to load resource: net::ERR_FAILED @ chrome-extension://invalid/:0
[   37491ms] [ERROR] Failed to load resource: net::ERR_FAILED @ chrome-extension://invalid/:0
[   37595ms] [ERROR] Failed to load resource: net::ERR_FAILED @ chrome-extension://invalid/:0
[   37698ms] [ERROR] Failed to load resource: net::ERR_FAILED @ chrome-extension://invalid/:0
[   37802ms] [ERROR] Failed to load resource: net::ERR_FAILED @ chrome-extension://invalid/:0
[   37904ms] [ERROR] Failed to load resource: net::ERR_FAILED @ chrome-extension://invalid/:0
[   38011ms] [ERROR] Failed to load resource: net::ERR_FAILED @ chrome-extension://invalid/:0
[   38115ms] [ERROR] Failed to load resource: net::ERR_FAILED @ chrome-extension://invalid/:0
[   38216ms] [ERROR] Failed to load resource: net::ERR_FAILED @ chrome-extension://invalid/:0
[   38318ms] [ERROR] Failed to load resource: net::ERR_FAILED @ chrome-extension://invalid/:0
[   38420ms] [ERROR] Failed to load resource: net::ERR_FAILED @ chrome-extension://invalid/:0
[   38523ms] [ERROR] Failed to load resource: net::ERR_FAILED @ chrome-extension://invalid/:0
[   38627ms] [ERROR] Failed to load resource: net::ERR_FAILED @ chrome-extension://invalid/:0
[   38730ms] [ERROR] Failed to load resource: net::ERR_FAILED @ chrome-extension://invalid/:0
[   38832ms] [ERROR] Failed to load resource: net::ERR_FAILED @ chrome-extension://invalid/:0
[   38939ms] [ERROR] Failed to load resource: net::ERR_FAILED @ chrome-extension://invalid/:0
[   39041ms] [ERROR] Failed to load resource: net::ERR_FAILED @ chrome-extension://invalid/:0
[   39143ms] [ERROR] Failed to load resource: net::ERR_FAILED @ chrome-extension://invalid/:0
[   39245ms] [ERROR] Failed to load resource: net::ERR_FAILED @ chrome-extension://invalid/:0
[   39348ms] [ERROR] Failed to load resource: net::ERR_FAILED @ chrome-extension://invalid/:0
[   39451ms] [ERROR] Failed to load resource: net::ERR_FAILED @ chrome-extension://invalid/:0
[   39553ms] [ERROR] Failed to load resource: net::ERR_FAILED @ chrome-extension://invalid/:0
[   39657ms] [ERROR] Failed to load resource: net::ERR_FAILED @ chrome-extension://invalid/:0
[   39760ms] [ERROR] Failed to load resource: net::ERR_FAILED @ chrome-extension://invalid/:0
[   39865ms] [ERROR] Failed to load resource: net::ERR_FAILED @ chrome-extension://invalid/:0
[   39968ms] [ERROR] Failed to load resource: net::ERR_FAILED @ chrome-extension://invalid/:0
[   40069ms] [ERROR] Failed to load resource: net::ERR_FAILED @ chrome-extension://invalid/:0
[   40175ms] [ERROR] Failed to load resource: net::ERR_FAILED @ chrome-extension://invalid/:0
[   40279ms] [ERROR] Failed to load resource: net::ERR_FAILED @ chrome-extension://invalid/:0
[   40383ms] [ERROR] Failed to load resource: net::ERR_FAILED @ chrome-extension://invalid/:0
[   40488ms] [ERROR] Failed to load resource: net::ERR_FAILED @ chrome-extension://invalid/:0
[   40592ms] [ERROR] Failed to load resource: net::ERR_FAILED @ chrome-extension://invalid/:0
[   40694ms] [ERROR] Failed to load resource: net::ERR_FAILED @ chrome-extension://invalid/:0
[   40796ms] [ERROR] Failed to load resource: net::ERR_FAILED @ chrome-extension://invalid/:0
[   40900ms] [ERROR] Failed to load resource: net::ERR_FAILED @ chrome-extension://invalid/:0
[   41006ms] [ERROR] Failed to load resource: net::ERR_FAILED @ chrome-extension://invalid/:0
[   41113ms] [ERROR] Failed to load resource: net::ERR_FAILED @ chrome-extension://invalid/:0
[   41219ms] [ERROR] Failed to load resource: net::ERR_FAILED @ chrome-extension://invalid/:0
[   41320ms] [ERROR] Failed to load resource: net::ERR_FAILED @ chrome-extension://invalid/:0
[   41423ms] [ERROR] Failed to load resource: net::ERR_FAILED @ chrome-extension://invalid/:0
[   41524ms] [ERROR] Failed to load resource: net::ERR_FAILED @ chrome-extension://invalid/:0
[   41625ms] [ERROR] Failed to load resource: net::ERR_FAILED @ chrome-extension://invalid/:0
[   41727ms] [ERROR] Failed to load resource: net::ERR_FAILED @ chrome-extension://invalid/:0
[   41829ms] [ERROR] Failed to load resource: net::ERR_FAILED @ chrome-extension://invalid/:0
[   41934ms] [ERROR] Failed to load resource: net::ERR_FAILED @ chrome-extension://invalid/:0
[   42036ms] [ERROR] Failed to load resource: net::ERR_FAILED @ chrome-extension://invalid/:0
[   42142ms] [ERROR] Failed to load resource: net::ERR_FAILED @ chrome-extension://invalid/:0
[   42244ms] [ERROR] Failed to load resource: net::ERR_FAILED @ chrome-extension://invalid/:0
[   42345ms] [ERROR] Failed to load resource: net::ERR_FAILED @ chrome-extension://invalid/:0
[   42447ms] [ERROR] Failed to load resource: net::ERR_FAILED @ chrome-extension://invalid/:0
[   42549ms] [ERROR] Failed to load resource: net::ERR_FAILED @ chrome-extension://invalid/:0
[   42651ms] [ERROR] Failed to load resource: net::ERR_FAILED @ chrome-extension://invalid/:0
[   42752ms] [ERROR] Failed to load resource: net::ERR_FAILED @ chrome-extension://invalid/:0
[   42856ms] [ERROR] Failed to load resource: net::ERR_FAILED @ chrome-extension://invalid/:0
[   42961ms] [ERROR] Failed to load resource: net::ERR_FAILED @ chrome-extension://invalid/:0
[   43064ms] [ERROR] Failed to load resource: net::ERR_FAILED @ chrome-extension://invalid/:0
[   43168ms] [ERROR] Failed to load resource: net::ERR_FAILED @ chrome-extension://invalid/:0
[   43270ms] [ERROR] Failed to load resource: net::ERR_FAILED @ chrome-extension://invalid/:0
[   43372ms] [ERROR] Failed to load resource: net::ERR_FAILED @ chrome-extension://invalid/:0
[   43473ms] [ERROR] Failed to load resource: net::ERR_FAILED @ chrome-extension://invalid/:0
[   43575ms] [ERROR] Failed to load resource: net::ERR_FAILED @ chrome-extension://invalid/:0
[   43677ms] [ERROR] Failed to load resource: net::ERR_FAILED @ chrome-extension://invalid/:0
[   43783ms] [ERROR] Failed to load resource: net::ERR_FAILED @ chrome-extension://invalid/:0
[   43888ms] [ERROR] Failed to load resource: net::ERR_FAILED @ chrome-extension://invalid/:0
[   43994ms] [ERROR] Failed to load resource: net::ERR_FAILED @ chrome-extension://invalid/:0
[   44100ms] [ERROR] Failed to load resource: net::ERR_FAILED @ chrome-extension://invalid/:0
[   44203ms] [ERROR] Failed to load resource: net::ERR_FAILED @ chrome-extension://invalid/:0
[   44304ms] [ERROR] Failed to load resource: net::ERR_FAILED @ chrome-extension://invalid/:0
[   44410ms] [ERROR] Failed to load resource: net::ERR_FAILED @ chrome-extension://invalid/:0
[   44512ms] [ERROR] Failed to load resource: net::ERR_FAILED @ chrome-extension://invalid/:0
[   44618ms] [ERROR] Failed to load resource: net::ERR_FAILED @ chrome-extension://invalid/:0
[   44720ms] [ERROR] Failed to load resource: net::ERR_FAILED @ chrome-extension://invalid/:0
[   44822ms] [ERROR] Failed to load resource: net::ERR_FAILED @ chrome-extension://invalid/:0
[   44926ms] [ERROR] Failed to load resource: net::ERR_FAILED @ chrome-extension://invalid/:0
[   45028ms] [ERROR] Failed to load resource: net::ERR_FAILED @ chrome-extension://invalid/:0
[   45132ms] [ERROR] Failed to load resource: net::ERR_FAILED @ chrome-extension://invalid/:0
[   45234ms] [ERROR] Failed to load resource: net::ERR_FAILED @ chrome-extension://invalid/:0
[   45335ms] [ERROR] Failed to load resource: net::ERR_FAILED @ chrome-extension://invalid/:0
[   45437ms] [ERROR] Failed to load resource: net::ERR_FAILED @ chrome-extension://invalid/:0
[   45543ms] [ERROR] Failed to load resource: net::ERR_FAILED @ chrome-extension://invalid/:0
[   45644ms] [ERROR] Failed to load resource: net::ERR_FAILED @ chrome-extension://invalid/:0
[   45746ms] [ERROR] Failed to load resource: net::ERR_FAILED @ chrome-extension://invalid/:0
[   45847ms] [ERROR] Failed to load resource: net::ERR_FAILED @ chrome-extension://invalid/:0
[   45950ms] [ERROR] Failed to load resource: net::ERR_FAILED @ chrome-extension://invalid/:0
[   46052ms] [ERROR] Failed to load resource: net::ERR_FAILED @ chrome-extension://invalid/:0
[   46156ms] [ERROR] Failed to load resource: net::ERR_FAILED @ chrome-extension://invalid/:0
[   46258ms] [ERROR] Failed to load resource: net::ERR_FAILED @ chrome-extension://invalid/:0
[   46364ms] [ERROR] Failed to load resource: net::ERR_FAILED @ chrome-extension://invalid/:0
[   46465ms] [ERROR] Failed to load resource: net::ERR_FAILED @ chrome-extension://invalid/:0
[   46566ms] [ERROR] Failed to load resource: net::ERR_FAILED @ chrome-extension://invalid/:0
[   46672ms] [ERROR] Failed to load resource: net::ERR_FAILED @ chrome-extension://invalid/:0
[   46778ms] [ERROR] Failed to load resource: net::ERR_FAILED @ chrome-extension://invalid/:0
[   46883ms] [ERROR] Failed to load resource: net::ERR_FAILED @ chrome-extension://invalid/:0
[   46989ms] [ERROR] Failed to load resource: net::ERR_FAILED @ chrome-extension://invalid/:0
[   47090ms] [ERROR] Failed to load resource: net::ERR_FAILED @ chrome-extension://invalid/:0
[   47192ms] [ERROR] Failed to load resource: net::ERR_FAILED @ chrome-extension://invalid/:0
[   47295ms] [ERROR] Failed to load resource: net::ERR_FAILED @ chrome-extension://invalid/:0
[   47398ms] [ERROR] Failed to load resource: net::ERR_FAILED @ chrome-extension://invalid/:0
[   47503ms] [ERROR] Failed to load resource: net::ERR_FAILED @ chrome-extension://invalid/:0
[   47609ms] [ERROR] Failed to load resource: net::ERR_FAILED @ chrome-extension://invalid/:0
[   47714ms] [ERROR] Failed to load resource: net::ERR_FAILED @ chrome-extension://invalid/:0
[   47816ms] [ERROR] Failed to load resource: net::ERR_FAILED @ chrome-extension://invalid/:0
[   47919ms] [ERROR] Failed to load resource: net::ERR_FAILED @ chrome-extension://invalid/:0
[   48021ms] [ERROR] Failed to load resource: net::ERR_FAILED @ chrome-extension://invalid/:0
[   48124ms] [ERROR] Failed to load resource: net::ERR_FAILED @ chrome-extension://invalid/:0
[   48227ms] [ERROR] Failed to load resource: net::ERR_FAILED @ chrome-extension://invalid/:0
[   48330ms] [ERROR] Failed to load resource: net::ERR_FAILED @ chrome-extension://invalid/:0
[   48436ms] [ERROR] Failed to load resource: net::ERR_FAILED @ chrome-extension://invalid/:0
[   48543ms] [ERROR] Failed to load resource: net::ERR_FAILED @ chrome-extension://invalid/:0
[   48644ms] [ERROR] Failed to load resource: net::ERR_FAILED @ chrome-extension://invalid/:0
[   48745ms] [ERROR] Failed to load resource: net::ERR_FAILED @ chrome-extension://invalid/:0
[   48847ms] [ERROR] Failed to load resource: net::ERR_FAILED @ chrome-extension://invalid/:0
[   48949ms] [ERROR] Failed to load resource: net::ERR_FAILED @ chrome-extension://invalid/:0
[   49052ms] [ERROR] Failed to load resource: net::ERR_FAILED @ chrome-extension://invalid/:0
[   49154ms] [ERROR] Failed to load resource: net::ERR_FAILED @ chrome-extension://invalid/:0
[   49256ms] [ERROR] Failed to load resource: net::ERR_FAILED @ chrome-extension://invalid/:0
[   49359ms] [ERROR] Failed to load resource: net::ERR_FAILED @ chrome-extension://invalid/:0
[   49464ms] [ERROR] Failed to load resource: net::ERR_FAILED @ chrome-extension://invalid/:0
[   49570ms] [ERROR] Failed to load resource: net::ERR_FAILED @ chrome-extension://invalid/:0
[   49676ms] [ERROR] Failed to load resource: net::ERR_FAILED @ chrome-extension://invalid/:0
[   49783ms] [ERROR] Failed to load resource: net::ERR_FAILED @ chrome-extension://invalid/:0
[   49889ms] [ERROR] Failed to load resource: net::ERR_FAILED @ chrome-extension://invalid/:0
[   49996ms] [ERROR] Failed to load resource: net::ERR_FAILED @ chrome-extension://invalid/:0
[   50102ms] [ERROR] Failed to load resource: net::ERR_FAILED @ chrome-extension://invalid/:0
[   50208ms] [ERROR] Failed to load resource: net::ERR_FAILED @ chrome-extension://invalid/:0
[   50312ms] [ERROR] Failed to load resource: net::ERR_FAILED @ chrome-extension://invalid/:0
[   50415ms] [ERROR] Failed to load resource: net::ERR_FAILED @ chrome-extension://invalid/:0
[   50520ms] [ERROR] Failed to load resource: net::ERR_FAILED @ chrome-extension://invalid/:0
[   50622ms] [ERROR] Failed to load resource: net::ERR_FAILED @ chrome-extension://invalid/:0
[   50725ms] [ERROR] Failed to load resource: net::ERR_FAILED @ chrome-extension://invalid/:0
[   50827ms] [ERROR] Failed to load resource: net::ERR_FAILED @ chrome-extension://invalid/:0
[   50931ms] [ERROR] Failed to load resource: net::ERR_FAILED @ chrome-extension://invalid/:0
[   51035ms] [ERROR] Failed to load resource: net::ERR_FAILED @ chrome-extension://invalid/:0
[   51138ms] [ERROR] Failed to load resource: net::ERR_FAILED @ chrome-extension://invalid/:0
[   51241ms] [ERROR] Failed to load resource: net::ERR_FAILED @ chrome-extension://invalid/:0
[   51343ms] [ERROR] Failed to load resource: net::ERR_FAILED @ chrome-extension://invalid/:0
[   51444ms] [ERROR] Failed to load resource: net::ERR_FAILED @ chrome-extension://invalid/:0
[   51547ms] [ERROR] Failed to load resource: net::ERR_FAILED @ chrome-extension://invalid/:0
[   51649ms] [ERROR] Failed to load resource: net::ERR_FAILED @ chrome-extension://invalid/:0
[   51752ms] [ERROR] Failed to load resource: net::ERR_FAILED @ chrome-extension://invalid/:0
[   51854ms] [ERROR] Failed to load resource: net::ERR_FAILED @ chrome-extension://invalid/:0
[   51956ms] [ERROR] Failed to load resource: net::ERR_FAILED @ chrome-extension://invalid/:0
[   52060ms] [ERROR] Failed to load resource: net::ERR_FAILED @ chrome-extension://invalid/:0
[   52162ms] [ERROR] Failed to load resource: net::ERR_FAILED @ chrome-extension://invalid/:0
[   52268ms] [ERROR] Failed to load resource: net::ERR_FAILED @ chrome-extension://invalid/:0
[   52372ms] [ERROR] Failed to load resource: net::ERR_FAILED @ chrome-extension://invalid/:0
[   52478ms] [ERROR] Failed to load resource: net::ERR_FAILED @ chrome-extension://invalid/:0
[   52581ms] [ERROR] Failed to load resource: net::ERR_FAILED @ chrome-extension://invalid/:0
[   52683ms] [ERROR] Failed to load resource: net::ERR_FAILED @ chrome-extension://invalid/:0
[   52789ms] [ERROR] Failed to load resource: net::ERR_FAILED @ chrome-extension://invalid/:0
[   52896ms] [ERROR] Failed to load resource: net::ERR_FAILED @ chrome-extension://invalid/:0
[   53002ms] [ERROR] Failed to load resource: net::ERR_FAILED @ chrome-extension://invalid/:0
[   53104ms] [ERROR] Failed to load resource: net::ERR_FAILED @ chrome-extension://invalid/:0
[   53211ms] [ERROR] Failed to load resource: net::ERR_FAILED @ chrome-extension://invalid/:0
[   53315ms] [ERROR] Failed to load resource: net::ERR_FAILED @ chrome-extension://invalid/:0
[   53418ms] [ERROR] Failed to load resource: net::ERR_FAILED @ chrome-extension://invalid/:0
[   53520ms] [ERROR] Failed to load resource: net::ERR_FAILED @ chrome-extension://invalid/:0
[   53621ms] [ERROR] Failed to load resource: net::ERR_FAILED @ chrome-extension://invalid/:0
[   53726ms] [ERROR] Failed to load resource: net::ERR_FAILED @ chrome-extension://invalid/:0
[   53828ms] [ERROR] Failed to load resource: net::ERR_FAILED @ chrome-extension://invalid/:0
[   53929ms] [ERROR] Failed to load resource: net::ERR_FAILED @ chrome-extension://invalid/:0
[   54031ms] [ERROR] Failed to load resource: net::ERR_FAILED @ chrome-extension://invalid/:0
[   54136ms] [ERROR] Failed to load resource: net::ERR_FAILED @ chrome-extension://invalid/:0
[   54239ms] [ERROR] Failed to load resource: net::ERR_FAILED @ chrome-extension://invalid/:0
[   54342ms] [ERROR] Failed to load resource: net::ERR_FAILED @ chrome-extension://invalid/:0
[   54444ms] [ERROR] Failed to load resource: net::ERR_FAILED @ chrome-extension://invalid/:0
[   54546ms] [ERROR] Failed to load resource: net::ERR_FAILED @ chrome-extension://invalid/:0
[   54648ms] [ERROR] Failed to load resource: net::ERR_FAILED @ chrome-extension://invalid/:0
[   54751ms] [ERROR] Failed to load resource: net::ERR_FAILED @ chrome-extension://invalid/:0
[   54854ms] [ERROR] Failed to load resource: net::ERR_FAILED @ chrome-extension://invalid/:0
[   54958ms] [ERROR] Failed to load resource: net::ERR_FAILED @ chrome-extension://invalid/:0
[   55061ms] [ERROR] Failed to load resource: net::ERR_FAILED @ chrome-extension://invalid/:0
[   55165ms] [ERROR] Failed to load resource: net::ERR_FAILED @ chrome-extension://invalid/:0
[   55270ms] [ERROR] Failed to load resource: net::ERR_FAILED @ chrome-extension://invalid/:0
[   55375ms] [ERROR] Failed to load resource: net::ERR_FAILED @ chrome-extension://invalid/:0
[   55481ms] [ERROR] Failed to load resource: net::ERR_FAILED @ chrome-extension://invalid/:0
[   55584ms] [ERROR] Failed to load resource: net::ERR_FAILED @ chrome-extension://invalid/:0
[   55690ms] [ERROR] Failed to load resource: net::ERR_FAILED @ chrome-extension://invalid/:0
[   55792ms] [ERROR] Failed to load resource: net::ERR_FAILED @ chrome-extension://invalid/:0
[   55897ms] [ERROR] Failed to load resource: net::ERR_FAILED @ chrome-extension://invalid/:0
[   56001ms] [ERROR] Failed to load resource: net::ERR_FAILED @ chrome-extension://invalid/:0
[   56103ms] [ERROR] Failed to load resource: net::ERR_FAILED @ chrome-extension://invalid/:0
[   56204ms] [ERROR] Failed to load resource: net::ERR_FAILED @ chrome-extension://invalid/:0
[   56306ms] [ERROR] Failed to load resource: net::ERR_FAILED @ chrome-extension://invalid/:0
[   56408ms] [ERROR] Failed to load resource: net::ERR_FAILED @ chrome-extension://invalid/:0
[   56514ms] [ERROR] Failed to load resource: net::ERR_FAILED @ chrome-extension://invalid/:0
[   56617ms] [ERROR] Failed to load resource: net::ERR_FAILED @ chrome-extension://invalid/:0
[   56719ms] [ERROR] Failed to load resource: net::ERR_FAILED @ chrome-extension://invalid/:0
[   56821ms] [ERROR] Failed to load resource: net::ERR_FAILED @ chrome-extension://invalid/:0
[   56923ms] [ERROR] Failed to load resource: net::ERR_FAILED @ chrome-extension://invalid/:0
[   57027ms] [ERROR] Failed to load resource: net::ERR_FAILED @ chrome-extension://invalid/:0
[   57131ms] [ERROR] Failed to load resource: net::ERR_FAILED @ chrome-extension://invalid/:0
[   57235ms] [ERROR] Failed to load resource: net::ERR_FAILED @ chrome-extension://invalid/:0
[   57339ms] [ERROR] Failed to load resource: net::ERR_FAILED @ chrome-extension://invalid/:0
[   57441ms] [ERROR] Failed to load resource: net::ERR_FAILED @ chrome-extension://invalid/:0
[   57544ms] [ERROR] Failed to load resource: net::ERR_FAILED @ chrome-extension://invalid/:0
[   57645ms] [ERROR] Failed to load resource: net::ERR_FAILED @ chrome-extension://invalid/:0
[   57746ms] [ERROR] Failed to load resource: net::ERR_FAILED @ chrome-extension://invalid/:0
[   57849ms] [ERROR] Failed to load resource: net::ERR_FAILED @ chrome-extension://invalid/:0
[   57951ms] [ERROR] Failed to load resource: net::ERR_FAILED @ chrome-extension://invalid/:0
[   58053ms] [ERROR] Failed to load resource: net::ERR_FAILED @ chrome-extension://invalid/:0
[   58154ms] [ERROR] Failed to load resource: net::ERR_FAILED @ chrome-extension://invalid/:0
[   58257ms] [ERROR] Failed to load resource: net::ERR_FAILED @ chrome-extension://invalid/:0
[   58360ms] [ERROR] Failed to load resource: net::ERR_FAILED @ chrome-extension://invalid/:0
[   58462ms] [ERROR] Failed to load resource: net::ERR_FAILED @ chrome-extension://invalid/:0
[   58568ms] [ERROR] Failed to load resource: net::ERR_FAILED @ chrome-extension://invalid/:0
[   58670ms] [ERROR] Failed to load resource: net::ERR_FAILED @ chrome-extension://invalid/:0
[   58772ms] [ERROR] Failed to load resource: net::ERR_FAILED @ chrome-extension://invalid/:0
[   58878ms] [ERROR] Failed to load resource: net::ERR_FAILED @ chrome-extension://invalid/:0
[   58981ms] [ERROR] Failed to load resource: net::ERR_FAILED @ chrome-extension://invalid/:0
[   59084ms] [ERROR] Failed to load resource: net::ERR_FAILED @ chrome-extension://invalid/:0
[   59187ms] [ERROR] Failed to load resource: net::ERR_FAILED @ chrome-extension://invalid/:0
[   59293ms] [ERROR] Failed to load resource: net::ERR_FAILED @ chrome-extension://invalid/:0
[   59395ms] [ERROR] Failed to load resource: net::ERR_FAILED @ chrome-extension://invalid/:0
[   59498ms] [ERROR] Failed to load resource: net::ERR_FAILED @ chrome-extension://invalid/:0
[   59604ms] [ERROR] Failed to load resource: net::ERR_FAILED @ chrome-extension://invalid/:0
[   59709ms] [ERROR] Failed to load resource: net::ERR_FAILED @ chrome-extension://invalid/:0
[   59816ms] [ERROR] Failed to load resource: net::ERR_FAILED @ chrome-extension://invalid/:0
[   59918ms] [ERROR] Failed to load resource: net::ERR_FAILED @ chrome-extension://invalid/:0
[   60019ms] [ERROR] Failed to load resource: net::ERR_FAILED @ chrome-extension://invalid/:0
[   60121ms] [ERROR] Failed to load resource: net::ERR_FAILED @ chrome-extension://invalid/:0
[   60224ms] [ERROR] Failed to load resource: net::ERR_FAILED @ chrome-extension://invalid/:0
[   60326ms] [ERROR] Failed to load resource: net::ERR_FAILED @ chrome-extension://invalid/:0
[   60429ms] [ERROR] Failed to load resource: net::ERR_FAILED @ chrome-extension://invalid/:0
[   60533ms] [ERROR] Failed to load resource: net::ERR_FAILED @ chrome-extension://invalid/:0
[   60639ms] [ERROR] Failed to load resource: net::ERR_FAILED @ chrome-extension://invalid/:0
[   60740ms] [ERROR] Failed to load resource: net::ERR_FAILED @ chrome-extension://invalid/:0
[   60841ms] [ERROR] Failed to load resource: net::ERR_FAILED @ chrome-extension://invalid/:0
[   60943ms] [ERROR] Failed to load resource: net::ERR_FAILED @ chrome-extension://invalid/:0
[   61044ms] [ERROR] Failed to load resource: net::ERR_FAILED @ chrome-extension://invalid/:0
[   61147ms] [ERROR] Failed to load resource: net::ERR_FAILED @ chrome-extension://invalid/:0
[   61249ms] [ERROR] Failed to load resource: net::ERR_FAILED @ chrome-extension://invalid/:0
[   61350ms] [ERROR] Failed to load resource: net::ERR_FAILED @ chrome-extension://invalid/:0
[   61453ms] [ERROR] Failed to load resource: net::ERR_FAILED @ chrome-extension://invalid/:0
[   61554ms] [ERROR] Failed to load resource: net::ERR_FAILED @ chrome-extension://invalid/:0
[   61657ms] [ERROR] Failed to load resource: net::ERR_FAILED @ chrome-extension://invalid/:0
[   61760ms] [ERROR] Failed to load resource: net::ERR_FAILED @ chrome-extension://invalid/:0
[   61867ms] [ERROR] Failed to load resource: net::ERR_FAILED @ chrome-extension://invalid/:0
[   61971ms] [ERROR] Failed to load resource: net::ERR_FAILED @ chrome-extension://invalid/:0
[   62074ms] [ERROR] Failed to load resource: net::ERR_FAILED @ chrome-extension://invalid/:0
[   62177ms] [ERROR] Failed to load resource: net::ERR_FAILED @ chrome-extension://invalid/:0
[   62282ms] [ERROR] Failed to load resource: net::ERR_FAILED @ chrome-extension://invalid/:0
[   62384ms] [ERROR] Failed to load resource: net::ERR_FAILED @ chrome-extension://invalid/:0
[   62486ms] [ERROR] Failed to load resource: net::ERR_FAILED @ chrome-extension://invalid/:0
[   62589ms] [ERROR] Failed to load resource: net::ERR_FAILED @ chrome-extension://invalid/:0
[   62694ms] [ERROR] Failed to load resource: net::ERR_FAILED @ chrome-extension://invalid/:0
[   62798ms] [ERROR] Failed to load resource: net::ERR_FAILED @ chrome-extension://invalid/:0
[   62903ms] [ERROR] Failed to load resource: net::ERR_FAILED @ chrome-extension://invalid/:0
[   63009ms] [ERROR] Failed to load resource: net::ERR_FAILED @ chrome-extension://invalid/:0
[   63117ms] [ERROR] Failed to load resource: net::ERR_FAILED @ chrome-extension://invalid/:0
[   63220ms] [ERROR] Failed to load resource: net::ERR_FAILED @ chrome-extension://invalid/:0
[   63322ms] [ERROR] Failed to load resource: net::ERR_FAILED @ chrome-extension://invalid/:0
[   63426ms] [ERROR] Failed to load resource: net::ERR_FAILED @ chrome-extension://invalid/:0
[   63528ms] [ERROR] Failed to load resource: net::ERR_FAILED @ chrome-extension://invalid/:0
[   63633ms] [ERROR] Failed to load resource: net::ERR_FAILED @ chrome-extension://invalid/:0
[   63739ms] [ERROR] Failed to load resource: net::ERR_FAILED @ chrome-extension://invalid/:0
[   63843ms] [ERROR] Failed to load resource: net::ERR_FAILED @ chrome-extension://invalid/:0
[   63944ms] [ERROR] Failed to load resource: net::ERR_FAILED @ chrome-extension://invalid/:0
[   64046ms] [ERROR] Failed to load resource: net::ERR_FAILED @ chrome-extension://invalid/:0
[   64149ms] [ERROR] Failed to load resource: net::ERR_FAILED @ chrome-extension://invalid/:0
[   64252ms] [ERROR] Failed to load resource: net::ERR_FAILED @ chrome-extension://invalid/:0
[   64355ms] [ERROR] Failed to load resource: net::ERR_FAILED @ chrome-extension://invalid/:0
[   64496ms] [ERROR] Failed to load resource: net::ERR_FAILED @ chrome-extension://invalid/:0
[   64602ms] [ERROR] Failed to load resource: net::ERR_FAILED @ chrome-extension://invalid/:0
[   64709ms] [ERROR] Failed to load resource: net::ERR_FAILED @ chrome-extension://invalid/:0
[   64813ms] [ERROR] Failed to load resource: net::ERR_FAILED @ chrome-extension://invalid/:0
[   64915ms] [ERROR] Failed to load resource: net::ERR_FAILED @ chrome-extension://invalid/:0
[   65017ms] [ERROR] Failed to load resource: net::ERR_FAILED @ chrome-extension://invalid/:0
[   65121ms] [ERROR] Failed to load resource: net::ERR_FAILED @ chrome-extension://invalid/:0
[   65223ms] [ERROR] Failed to load resource: net::ERR_FAILED @ chrome-extension://invalid/:0
[   65325ms] [ERROR] Failed to load resource: net::ERR_FAILED @ chrome-extension://invalid/:0
[   65429ms] [ERROR] Failed to load resource: net::ERR_FAILED @ chrome-extension://invalid/:0
[   65533ms] [ERROR] Failed to load resource: net::ERR_FAILED @ chrome-extension://invalid/:0
[   65639ms] [ERROR] Failed to load resource: net::ERR_FAILED @ chrome-extension://invalid/:0
[   65743ms] [ERROR] Failed to load resource: net::ERR_FAILED @ chrome-extension://invalid/:0
[   65844ms] [ERROR] Failed to load resource: net::ERR_FAILED @ chrome-extension://invalid/:0
[   65945ms] [ERROR] Failed to load resource: net::ERR_FAILED @ chrome-extension://invalid/:0
[   66048ms] [ERROR] Failed to load resource: net::ERR_FAILED @ chrome-extension://invalid/:0
[   66151ms] [ERROR] Failed to load resource: net::ERR_FAILED @ chrome-extension://invalid/:0
[   66255ms] [ERROR] Failed to load resource: net::ERR_FAILED @ chrome-extension://invalid/:0
[   66356ms] [ERROR] Failed to load resource: net::ERR_FAILED @ chrome-extension://invalid/:0
[   66461ms] [ERROR] Failed to load resource: net::ERR_FAILED @ chrome-extension://invalid/:0
[   66564ms] [ERROR] Failed to load resource: net::ERR_FAILED @ chrome-extension://invalid/:0
[   66669ms] [ERROR] Failed to load resource: net::ERR_FAILED @ chrome-extension://invalid/:0
[   66774ms] [ERROR] Failed to load resource: net::ERR_FAILED @ chrome-extension://invalid/:0
[   66877ms] [ERROR] Failed to load resource: net::ERR_FAILED @ chrome-extension://invalid/:0
[   66980ms] [ERROR] Failed to load resource: net::ERR_FAILED @ chrome-extension://invalid/:0
[   67083ms] [ERROR] Failed to load resource: net::ERR_FAILED @ chrome-extension://invalid/:0
[   67189ms] [ERROR] Failed to load resource: net::ERR_FAILED @ chrome-extension://invalid/:0
[   67292ms] [ERROR] Failed to load resource: net::ERR_FAILED @ chrome-extension://invalid/:0
[   67396ms] [ERROR] Failed to load resource: net::ERR_FAILED @ chrome-extension://invalid/:0
[   67497ms] [ERROR] Failed to load resource: net::ERR_FAILED @ chrome-extension://invalid/:0
[   67604ms] [ERROR] Failed to load resource: net::ERR_FAILED @ chrome-extension://invalid/:0
[   67710ms] [ERROR] Failed to load resource: net::ERR_FAILED @ chrome-extension://invalid/:0
[   67812ms] [ERROR] Failed to load resource: net::ERR_FAILED @ chrome-extension://invalid/:0
[   67918ms] [ERROR] Failed to load resource: net::ERR_FAILED @ chrome-extension://invalid/:0
[   68019ms] [ERROR] Failed to load resource: net::ERR_FAILED @ chrome-extension://invalid/:0
[   68122ms] [ERROR] Failed to load resource: net::ERR_FAILED @ chrome-extension://invalid/:0
[   68224ms] [ERROR] Failed to load resource: net::ERR_FAILED @ chrome-extension://invalid/:0
[   68325ms] [ERROR] Failed to load resource: net::ERR_FAILED @ chrome-extension://invalid/:0
[   68428ms] [ERROR] Failed to load resource: net::ERR_FAILED @ chrome-extension://invalid/:0
[   68529ms] [ERROR] Failed to load resource: net::ERR_FAILED @ chrome-extension://invalid/:0
[   68633ms] [ERROR] Failed to load resource: net::ERR_FAILED @ chrome-extension://invalid/:0
[   68739ms] [ERROR] Failed to load resource: net::ERR_FAILED @ chrome-extension://invalid/:0
[   68843ms] [ERROR] Failed to load resource: net::ERR_FAILED @ chrome-extension://invalid/:0
[   68946ms] [ERROR] Failed to load resource: net::ERR_FAILED @ chrome-extension://invalid/:0
[   69048ms] [ERROR] Failed to load resource: net::ERR_FAILED @ chrome-extension://invalid/:0
[   69151ms] [ERROR] Failed to load resource: net::ERR_FAILED @ chrome-extension://invalid/:0
[   69254ms] [ERROR] Failed to load resource: net::ERR_FAILED @ chrome-extension://invalid/:0
[   69356ms] [ERROR] Failed to load resource: net::ERR_FAILED @ chrome-extension://invalid/:0
[   69461ms] [ERROR] Failed to load resource: net::ERR_FAILED @ chrome-extension://invalid/:0
[   69563ms] [ERROR] Failed to load resource: net::ERR_FAILED @ chrome-extension://invalid/:0
[   69668ms] [ERROR] Failed to load resource: net::ERR_FAILED @ chrome-extension://invalid/:0
[   69774ms] [ERROR] Failed to load resource: net::ERR_FAILED @ chrome-extension://invalid/:0
[   69878ms] [ERROR] Failed to load resource: net::ERR_FAILED @ chrome-extension://invalid/:0
[   69980ms] [ERROR] Failed to load resource: net::ERR_FAILED @ chrome-extension://invalid/:0
[   70083ms] [ERROR] Failed to load resource: net::ERR_FAILED @ chrome-extension://invalid/:0
[   70187ms] [ERROR] Failed to load resource: net::ERR_FAILED @ chrome-extension://invalid/:0
[   70288ms] [ERROR] Failed to load resource: net::ERR_FAILED @ chrome-extension://invalid/:0
[   70393ms] [ERROR] Failed to load resource: net::ERR_FAILED @ chrome-extension://invalid/:0
[   70498ms] [ERROR] Failed to load resource: net::ERR_FAILED @ chrome-extension://invalid/:0
[   70602ms] [ERROR] Failed to load resource: net::ERR_FAILED @ chrome-extension://invalid/:0
[   70708ms] [ERROR] Failed to load resource: net::ERR_FAILED @ chrome-extension://invalid/:0
[   70812ms] [ERROR] Failed to load resource: net::ERR_FAILED @ chrome-extension://invalid/:0
[   70914ms] [ERROR] Failed to load resource: net::ERR_FAILED @ chrome-extension://invalid/:0
[   71017ms] [ERROR] Failed to load resource: net::ERR_FAILED @ chrome-extension://invalid/:0
[   71121ms] [ERROR] Failed to load resource: net::ERR_FAILED @ chrome-extension://invalid/:0
[   71222ms] [ERROR] Failed to load resource: net::ERR_FAILED @ chrome-extension://invalid/:0
[   71325ms] [ERROR] Failed to load resource: net::ERR_FAILED @ chrome-extension://invalid/:0
[   71429ms] [ERROR] Failed to load resource: net::ERR_FAILED @ chrome-extension://invalid/:0
[   71534ms] [ERROR] Failed to load resource: net::ERR_FAILED @ chrome-extension://invalid/:0
[   71638ms] [ERROR] Failed to load resource: net::ERR_FAILED @ chrome-extension://invalid/:0
[   71742ms] [ERROR] Failed to load resource: net::ERR_FAILED @ chrome-extension://invalid/:0
[   71845ms] [ERROR] Failed to load resource: net::ERR_FAILED @ chrome-extension://invalid/:0
[   71946ms] [ERROR] Failed to load resource: net::ERR_FAILED @ chrome-extension://invalid/:0
[   72048ms] [ERROR] Failed to load resource: net::ERR_FAILED @ chrome-extension://invalid/:0
[   72152ms] [ERROR] Failed to load resource: net::ERR_FAILED @ chrome-extension://invalid/:0
[   72255ms] [ERROR] Failed to load resource: net::ERR_FAILED @ chrome-extension://invalid/:0
[   72356ms] [ERROR] Failed to load resource: net::ERR_FAILED @ chrome-extension://invalid/:0
[   72459ms] [ERROR] Failed to load resource: net::ERR_FAILED @ chrome-extension://invalid/:0
[   72561ms] [ERROR] Failed to load resource: net::ERR_FAILED @ chrome-extension://invalid/:0
[   72665ms] [ERROR] Failed to load resource: net::ERR_FAILED @ chrome-extension://invalid/:0
[   72768ms] [ERROR] Failed to load resource: net::ERR_FAILED @ chrome-extension://invalid/:0
[   72871ms] [ERROR] Failed to load resource: net::ERR_FAILED @ chrome-extension://invalid/:0
[   72976ms] [ERROR] Failed to load resource: net::ERR_FAILED @ chrome-extension://invalid/:0
[   73078ms] [ERROR] Failed to load resource: net::ERR_FAILED @ chrome-extension://invalid/:0
[   73182ms] [ERROR] Failed to load resource: net::ERR_FAILED @ chrome-extension://invalid/:0
[   73288ms] [ERROR] Failed to load resource: net::ERR_FAILED @ chrome-extension://invalid/:0
[   73390ms] [ERROR] Failed to load resource: net::ERR_FAILED @ chrome-extension://invalid/:0
[   73494ms] [ERROR] Failed to load resource: net::ERR_FAILED @ chrome-extension://invalid/:0
[   73599ms] [ERROR] Failed to load resource: net::ERR_FAILED @ chrome-extension://invalid/:0
[   73701ms] [ERROR] Failed to load resource: net::ERR_FAILED @ chrome-extension://invalid/:0
[   73807ms] [ERROR] Failed to load resource: net::ERR_FAILED @ chrome-extension://invalid/:0
[   73910ms] [ERROR] Failed to load resource: net::ERR_FAILED @ chrome-extension://invalid/:0
[   74017ms] [ERROR] Failed to load resource: net::ERR_FAILED @ chrome-extension://invalid/:0
[   74118ms] [ERROR] Failed to load resource: net::ERR_FAILED @ chrome-extension://invalid/:0
[   74220ms] [ERROR] Failed to load resource: net::ERR_FAILED @ chrome-extension://invalid/:0
[   74323ms] [ERROR] Failed to load resource: net::ERR_FAILED @ chrome-extension://invalid/:0
[   74426ms] [ERROR] Failed to load resource: net::ERR_FAILED @ chrome-extension://invalid/:0
[   74531ms] [ERROR] Failed to load resource: net::ERR_FAILED @ chrome-extension://invalid/:0
[   74635ms] [ERROR] Failed to load resource: net::ERR_FAILED @ chrome-extension://invalid/:0
[   74739ms] [ERROR] Failed to load resource: net::ERR_FAILED @ chrome-extension://invalid/:0
[   74841ms] [ERROR] Failed to load resource: net::ERR_FAILED @ chrome-extension://invalid/:0
[   74943ms] [ERROR] Failed to load resource: net::ERR_FAILED @ chrome-extension://invalid/:0
[   75044ms] [ERROR] Failed to load resource: net::ERR_FAILED @ chrome-extension://invalid/:0
[   75146ms] [ERROR] Failed to load resource: net::ERR_FAILED @ chrome-extension://invalid/:0
[   75248ms] [ERROR] Failed to load resource: net::ERR_FAILED @ chrome-extension://invalid/:0
[   75352ms] [ERROR] Failed to load resource: net::ERR_FAILED @ chrome-extension://invalid/:0
[   75454ms] [ERROR] Failed to load resource: net::ERR_FAILED @ chrome-extension://invalid/:0
[   75558ms] [ERROR] Failed to load resource: net::ERR_FAILED @ chrome-extension://invalid/:0
[   75662ms] [ERROR] Failed to load resource: net::ERR_FAILED @ chrome-extension://invalid/:0
[   75766ms] [ERROR] Failed to load resource: net::ERR_FAILED @ chrome-extension://invalid/:0
[   75872ms] [ERROR] Failed to load resource: net::ERR_FAILED @ chrome-extension://invalid/:0
[   75978ms] [ERROR] Failed to load resource: net::ERR_FAILED @ chrome-extension://invalid/:0
[   76081ms] [ERROR] Failed to load resource: net::ERR_FAILED @ chrome-extension://invalid/:0
[   76186ms] [ERROR] Failed to load resource: net::ERR_FAILED @ chrome-extension://invalid/:0
[   76293ms] [ERROR] Failed to load resource: net::ERR_FAILED @ chrome-extension://invalid/:0
[   76400ms] [ERROR] Failed to load resource: net::ERR_FAILED @ chrome-extension://invalid/:0
[   76506ms] [ERROR] Failed to load resource: net::ERR_FAILED @ chrome-extension://invalid/:0
[   76612ms] [ERROR] Failed to load resource: net::ERR_FAILED @ chrome-extension://invalid/:0
[   76714ms] [ERROR] Failed to load resource: net::ERR_FAILED @ chrome-extension://invalid/:0
[   76819ms] [ERROR] Failed to load resource: net::ERR_FAILED @ chrome-extension://invalid/:0
[   76922ms] [ERROR] Failed to load resource: net::ERR_FAILED @ chrome-extension://invalid/:0
[   77025ms] [ERROR] Failed to load resource: net::ERR_FAILED @ chrome-extension://invalid/:0
[   77127ms] [ERROR] Failed to load resource: net::ERR_FAILED @ chrome-extension://invalid/:0
[   77233ms] [ERROR] Failed to load resource: net::ERR_FAILED @ chrome-extension://invalid/:0
[   77336ms] [ERROR] Failed to load resource: net::ERR_FAILED @ chrome-extension://invalid/:0
[   77439ms] [ERROR] Failed to load resource: net::ERR_FAILED @ chrome-extension://invalid/:0
[   77544ms] [ERROR] Failed to load resource: net::ERR_FAILED @ chrome-extension://invalid/:0
[   77646ms] [ERROR] Failed to load resource: net::ERR_FAILED @ chrome-extension://invalid/:0
[   77748ms] [ERROR] Failed to load resource: net::ERR_FAILED @ chrome-extension://invalid/:0
[   77851ms] [ERROR] Failed to load resource: net::ERR_FAILED @ chrome-extension://invalid/:0
[   77954ms] [ERROR] Failed to load resource: net::ERR_FAILED @ chrome-extension://invalid/:0
[   78056ms] [ERROR] Failed to load resource: net::ERR_FAILED @ chrome-extension://invalid/:0
[   78160ms] [ERROR] Failed to load resource: net::ERR_FAILED @ chrome-extension://invalid/:0
[   78266ms] [ERROR] Failed to load resource: net::ERR_FAILED @ chrome-extension://invalid/:0
[   78368ms] [ERROR] Failed to load resource: net::ERR_FAILED @ chrome-extension://invalid/:0
[   78470ms] [ERROR] Failed to load resource: net::ERR_FAILED @ chrome-extension://invalid/:0
[   78571ms] [ERROR] Failed to load resource: net::ERR_FAILED @ chrome-extension://invalid/:0
[   78677ms] [ERROR] Failed to load resource: net::ERR_FAILED @ chrome-extension://invalid/:0
[   78781ms] [ERROR] Failed to load resource: net::ERR_FAILED @ chrome-extension://invalid/:0
[   78883ms] [ERROR] Failed to load resource: net::ERR_FAILED @ chrome-extension://invalid/:0
[   78987ms] [ERROR] Failed to load resource: net::ERR_FAILED @ chrome-extension://invalid/:0
[   79089ms] [ERROR] Failed to load resource: net::ERR_FAILED @ chrome-extension://invalid/:0
[   79191ms] [ERROR] Failed to load resource: net::ERR_FAILED @ chrome-extension://invalid/:0
[   79293ms] [ERROR] Failed to load resource: net::ERR_FAILED @ chrome-extension://invalid/:0
[   79396ms] [ERROR] Failed to load resource: net::ERR_FAILED @ chrome-extension://invalid/:0
[   79503ms] [ERROR] Failed to load resource: net::ERR_FAILED @ chrome-extension://invalid/:0
[   79606ms] [ERROR] Failed to load resource: net::ERR_FAILED @ chrome-extension://invalid/:0
[   79711ms] [ERROR] Failed to load resource: net::ERR_FAILED @ chrome-extension://invalid/:0
[   79816ms] [ERROR] Failed to load resource: net::ERR_FAILED @ chrome-extension://invalid/:0
[   79918ms] [ERROR] Failed to load resource: net::ERR_FAILED @ chrome-extension://invalid/:0
[   80021ms] [ERROR] Failed to load resource: net::ERR_FAILED @ chrome-extension://invalid/:0
[   80123ms] [ERROR] Failed to load resource: net::ERR_FAILED @ chrome-extension://invalid/:0
[   80226ms] [ERROR] Failed to load resource: net::ERR_FAILED @ chrome-extension://invalid/:0
[   80329ms] [ERROR] Failed to load resource: net::ERR_FAILED @ chrome-extension://invalid/:0
[   80433ms] [ERROR] Failed to load resource: net::ERR_FAILED @ chrome-extension://invalid/:0
[   80540ms] [ERROR] Failed to load resource: net::ERR_FAILED @ chrome-extension://invalid/:0
[   80643ms] [ERROR] Failed to load resource: net::ERR_FAILED @ chrome-extension://invalid/:0
[   80745ms] [ERROR] Failed to load resource: net::ERR_FAILED @ chrome-extension://invalid/:0
[   80848ms] [ERROR] Failed to load resource: net::ERR_FAILED @ chrome-extension://invalid/:0
[   80950ms] [ERROR] Failed to load resource: net::ERR_FAILED @ chrome-extension://invalid/:0
[   81055ms] [ERROR] Failed to load resource: net::ERR_FAILED @ chrome-extension://invalid/:0
[   81157ms] [ERROR] Failed to load resource: net::ERR_FAILED @ chrome-extension://invalid/:0
[   81259ms] [ERROR] Failed to load resource: net::ERR_FAILED @ chrome-extension://invalid/:0
[   81364ms] [ERROR] Failed to load resource: net::ERR_FAILED @ chrome-extension://invalid/:0
[   81465ms] [ERROR] Failed to load resource: net::ERR_FAILED @ chrome-extension://invalid/:0
[   81569ms] [ERROR] Failed to load resource: net::ERR_FAILED @ chrome-extension://invalid/:0
[   81675ms] [ERROR] Failed to load resource: net::ERR_FAILED @ chrome-extension://invalid/:0
[   81781ms] [ERROR] Failed to load resource: net::ERR_FAILED @ chrome-extension://invalid/:0
[   81886ms] [ERROR] Failed to load resource: net::ERR_FAILED @ chrome-extension://invalid/:0
[   81993ms] [ERROR] Failed to load resource: net::ERR_FAILED @ chrome-extension://invalid/:0
[   82099ms] [ERROR] Failed to load resource: net::ERR_FAILED @ chrome-extension://invalid/:0
[   82205ms] [ERROR] Failed to load resource: net::ERR_FAILED @ chrome-extension://invalid/:0
[   82311ms] [ERROR] Failed to load resource: net::ERR_FAILED @ chrome-extension://invalid/:0
[   82413ms] [ERROR] Failed to load resource: net::ERR_FAILED @ chrome-extension://invalid/:0
[   82516ms] [ERROR] Failed to load resource: net::ERR_FAILED @ chrome-extension://invalid/:0
[   82619ms] [ERROR] Failed to load resource: net::ERR_FAILED @ chrome-extension://invalid/:0
[   82720ms] [ERROR] Failed to load resource: net::ERR_FAILED @ chrome-extension://invalid/:0
[   82821ms] [ERROR] Failed to load resource: net::ERR_FAILED @ chrome-extension://invalid/:0
[   82923ms] [ERROR] Failed to load resource: net::ERR_FAILED @ chrome-extension://invalid/:0
[   83027ms] [ERROR] Failed to load resource: net::ERR_FAILED @ chrome-extension://invalid/:0
[   83132ms] [ERROR] Failed to load resource: net::ERR_FAILED @ chrome-extension://invalid/:0
[   83236ms] [ERROR] Failed to load resource: net::ERR_FAILED @ chrome-extension://invalid/:0
[   83339ms] [ERROR] Failed to load resource: net::ERR_FAILED @ chrome-extension://invalid/:0
[   83443ms] [ERROR] Failed to load resource: net::ERR_FAILED @ chrome-extension://invalid/:0
[   83545ms] [ERROR] Failed to load resource: net::ERR_FAILED @ chrome-extension://invalid/:0
[   83648ms] [ERROR] Failed to load resource: net::ERR_FAILED @ chrome-extension://invalid/:0
[   83751ms] [ERROR] Failed to load resource: net::ERR_FAILED @ chrome-extension://invalid/:0
[   83854ms] [ERROR] Failed to load resource: net::ERR_FAILED @ chrome-extension://invalid/:0
[   83957ms] [ERROR] Failed to load resource: net::ERR_FAILED @ chrome-extension://invalid/:0
[   84061ms] [ERROR] Failed to load resource: net::ERR_FAILED @ chrome-extension://invalid/:0
[   84165ms] [ERROR] Failed to load resource: net::ERR_FAILED @ chrome-extension://invalid/:0
[   84266ms] [ERROR] Failed to load resource: net::ERR_FAILED @ chrome-extension://invalid/:0
[   84373ms] [ERROR] Failed to load resource: net::ERR_FAILED @ chrome-extension://invalid/:0
[   84475ms] [ERROR] Failed to load resource: net::ERR_FAILED @ chrome-extension://invalid/:0
[   84577ms] [ERROR] Failed to load resource: net::ERR_FAILED @ chrome-extension://invalid/:0
[   84683ms] [ERROR] Failed to load resource: net::ERR_FAILED @ chrome-extension://invalid/:0
[   84789ms] [ERROR] Failed to load resource: net::ERR_FAILED @ chrome-extension://invalid/:0
[   84893ms] [ERROR] Failed to load resource: net::ERR_FAILED @ chrome-extension://invalid/:0
[   84999ms] [ERROR] Failed to load resource: net::ERR_FAILED @ chrome-extension://invalid/:0
[   85105ms] [ERROR] Failed to load resource: net::ERR_FAILED @ chrome-extension://invalid/:0
[   85207ms] [ERROR] Failed to load resource: net::ERR_FAILED @ chrome-extension://invalid/:0
[   85310ms] [ERROR] Failed to load resource: net::ERR_FAILED @ chrome-extension://invalid/:0
[   85411ms] [ERROR] Failed to load resource: net::ERR_FAILED @ chrome-extension://invalid/:0
[   85512ms] [ERROR] Failed to load resource: net::ERR_FAILED @ chrome-extension://invalid/:0
[   85617ms] [ERROR] Failed to load resource: net::ERR_FAILED @ chrome-extension://invalid/:0
[   85720ms] [ERROR] Failed to load resource: net::ERR_FAILED @ chrome-extension://invalid/:0
[   85823ms] [ERROR] Failed to load resource: net::ERR_FAILED @ chrome-extension://invalid/:0
[   85926ms] [ERROR] Failed to load resource: net::ERR_FAILED @ chrome-extension://invalid/:0
[   86030ms] [ERROR] Failed to load resource: net::ERR_FAILED @ chrome-extension://invalid/:0
[   86133ms] [ERROR] Failed to load resource: net::ERR_FAILED @ chrome-extension://invalid/:0
[   86236ms] [ERROR] Failed to load resource: net::ERR_FAILED @ chrome-extension://invalid/:0
[   86337ms] [ERROR] Failed to load resource: net::ERR_FAILED @ chrome-extension://invalid/:0
[   86439ms] [ERROR] Failed to load resource: net::ERR_FAILED @ chrome-extension://invalid/:0
[   86543ms] [ERROR] Failed to load resource: net::ERR_FAILED @ chrome-extension://invalid/:0
[   86645ms] [ERROR] Failed to load resource: net::ERR_FAILED @ chrome-extension://invalid/:0
[   86747ms] [ERROR] Failed to load resource: net::ERR_FAILED @ chrome-extension://invalid/:0
[   86848ms] [ERROR] Failed to load resource: net::ERR_FAILED @ chrome-extension://invalid/:0
[   86953ms] [ERROR] Failed to load resource: net::ERR_FAILED @ chrome-extension://invalid/:0
[   87054ms] [ERROR] Failed to load resource: net::ERR_FAILED @ chrome-extension://invalid/:0
[   87156ms] [ERROR] Failed to load resource: net::ERR_FAILED @ chrome-extension://invalid/:0
[   87259ms] [ERROR] Failed to load resource: net::ERR_FAILED @ chrome-extension://invalid/:0
[   87363ms] [ERROR] Failed to load resource: net::ERR_FAILED @ chrome-extension://invalid/:0
[   87470ms] [ERROR] Failed to load resource: net::ERR_FAILED @ chrome-extension://invalid/:0
[   87574ms] [ERROR] Failed to load resource: net::ERR_FAILED @ chrome-extension://invalid/:0
[   87676ms] [ERROR] Failed to load resource: net::ERR_FAILED @ chrome-extension://invalid/:0
[   87783ms] [ERROR] Failed to load resource: net::ERR_FAILED @ chrome-extension://invalid/:0
[   87888ms] [ERROR] Failed to load resource: net::ERR_FAILED @ chrome-extension://invalid/:0
[   87991ms] [ERROR] Failed to load resource: net::ERR_FAILED @ chrome-extension://invalid/:0
[   88095ms] [ERROR] Failed to load resource: net::ERR_FAILED @ chrome-extension://invalid/:0
[   88201ms] [ERROR] Failed to load resource: net::ERR_FAILED @ chrome-extension://invalid/:0
[   88304ms] [ERROR] Failed to load resource: net::ERR_FAILED @ chrome-extension://invalid/:0
[   88411ms] [ERROR] Failed to load resource: net::ERR_FAILED @ chrome-extension://invalid/:0
[   88515ms] [ERROR] Failed to load resource: net::ERR_FAILED @ chrome-extension://invalid/:0
[   88617ms] [ERROR] Failed to load resource: net::ERR_FAILED @ chrome-extension://invalid/:0
[   88719ms] [ERROR] Failed to load resource: net::ERR_FAILED @ chrome-extension://invalid/:0
[   88821ms] [ERROR] Failed to load resource: net::ERR_FAILED @ chrome-extension://invalid/:0
[   88923ms] [ERROR] Failed to load resource: net::ERR_FAILED @ chrome-extension://invalid/:0
[   89025ms] [ERROR] Failed to load resource: net::ERR_FAILED @ chrome-extension://invalid/:0
[   89128ms] [ERROR] Failed to load resource: net::ERR_FAILED @ chrome-extension://invalid/:0
[   89234ms] [ERROR] Failed to load resource: net::ERR_FAILED @ chrome-extension://invalid/:0
[   89335ms] [ERROR] Failed to load resource: net::ERR_FAILED @ chrome-extension://invalid/:0
[   89439ms] [ERROR] Failed to load resource: net::ERR_FAILED @ chrome-extension://invalid/:0
[   89541ms] [ERROR] Failed to load resource: net::ERR_FAILED @ chrome-extension://invalid/:0
[   89644ms] [ERROR] Failed to load resource: net::ERR_FAILED @ chrome-extension://invalid/:0
[   89745ms] [ERROR] Failed to load resource: net::ERR_FAILED @ chrome-extension://invalid/:0
[   89847ms] [ERROR] Failed to load resource: net::ERR_FAILED @ chrome-extension://invalid/:0
[   89949ms] [ERROR] Failed to load resource: net::ERR_FAILED @ chrome-extension://invalid/:0
[   90051ms] [ERROR] Failed to load resource: net::ERR_FAILED @ chrome-extension://invalid/:0
[   90153ms] [ERROR] Failed to load resource: net::ERR_FAILED @ chrome-extension://invalid/:0
[   90257ms] [ERROR] Failed to load resource: net::ERR_FAILED @ chrome-extension://invalid/:0
[   90359ms] [ERROR] Failed to load resource: net::ERR_FAILED @ chrome-extension://invalid/:0
[   90464ms] [ERROR] Failed to load resource: net::ERR_FAILED @ chrome-extension://invalid/:0
[   90567ms] [ERROR] Failed to load resource: net::ERR_FAILED @ chrome-extension://invalid/:0
[   90673ms] [ERROR] Failed to load resource: net::ERR_FAILED @ chrome-extension://invalid/:0
[   90780ms] [ERROR] Failed to load resource: net::ERR_FAILED @ chrome-extension://invalid/:0
[   90885ms] [ERROR] Failed to load resource: net::ERR_FAILED @ chrome-extension://invalid/:0
[   90991ms] [ERROR] Failed to load resource: net::ERR_FAILED @ chrome-extension://invalid/:0
[   91095ms] [ERROR] Failed to load resource: net::ERR_FAILED @ chrome-extension://invalid/:0
[   91198ms] [ERROR] Failed to load resource: net::ERR_FAILED @ chrome-extension://invalid/:0
[   91303ms] [ERROR] Failed to load resource: net::ERR_FAILED @ chrome-extension://invalid/:0
[   91408ms] [ERROR] Failed to load resource: net::ERR_FAILED @ chrome-extension://invalid/:0
[   91512ms] [ERROR] Failed to load resource: net::ERR_FAILED @ chrome-extension://invalid/:0
[   91613ms] [ERROR] Failed to load resource: net::ERR_FAILED @ chrome-extension://invalid/:0
[   91715ms] [ERROR] Failed to load resource: net::ERR_FAILED @ chrome-extension://invalid/:0
[   91817ms] [ERROR] Failed to load resource: net::ERR_FAILED @ chrome-extension://invalid/:0
[   91919ms] [ERROR] Failed to load resource: net::ERR_FAILED @ chrome-extension://invalid/:0
[   92022ms] [ERROR] Failed to load resource: net::ERR_FAILED @ chrome-extension://invalid/:0
[   92123ms] [ERROR] Failed to load resource: net::ERR_FAILED @ chrome-extension://invalid/:0
[   92226ms] [ERROR] Failed to load resource: net::ERR_FAILED @ chrome-extension://invalid/:0
[   92328ms] [ERROR] Failed to load resource: net::ERR_FAILED @ chrome-extension://invalid/:0
[   92432ms] [ERROR] Failed to load resource: net::ERR_FAILED @ chrome-extension://invalid/:0
[   92535ms] [ERROR] Failed to load resource: net::ERR_FAILED @ chrome-extension://invalid/:0
[   92640ms] [ERROR] Failed to load resource: net::ERR_FAILED @ chrome-extension://invalid/:0
[   92741ms] [ERROR] Failed to load resource: net::ERR_FAILED @ chrome-extension://invalid/:0
[   92843ms] [ERROR] Failed to load resource: net::ERR_FAILED @ chrome-extension://invalid/:0
[   92945ms] [ERROR] Failed to load resource: net::ERR_FAILED @ chrome-extension://invalid/:0
[   93048ms] [ERROR] Failed to load resource: net::ERR_FAILED @ chrome-extension://invalid/:0
[   93150ms] [ERROR] Failed to load resource: net::ERR_FAILED @ chrome-extension://invalid/:0
[   93251ms] [ERROR] Failed to load resource: net::ERR_FAILED @ chrome-extension://invalid/:0
[   93358ms] [ERROR] Failed to load resource: net::ERR_FAILED @ chrome-extension://invalid/:0
[   93462ms] [ERROR] Failed to load resource: net::ERR_FAILED @ chrome-extension://invalid/:0
[   93564ms] [ERROR] Failed to load resource: net::ERR_FAILED @ chrome-extension://invalid/:0
[   93666ms] [ERROR] Failed to load resource: net::ERR_FAILED @ chrome-extension://invalid/:0
[   93768ms] [ERROR] Failed to load resource: net::ERR_FAILED @ chrome-extension://invalid/:0
[   93873ms] [ERROR] Failed to load resource: net::ERR_FAILED @ chrome-extension://invalid/:0
[   93977ms] [ERROR] Failed to load resource: net::ERR_FAILED @ chrome-extension://invalid/:0
[   94079ms] [ERROR] Failed to load resource: net::ERR_FAILED @ chrome-extension://invalid/:0
[   94185ms] [ERROR] Failed to load resource: net::ERR_FAILED @ chrome-extension://invalid/:0
[   94290ms] [ERROR] Failed to load resource: net::ERR_FAILED @ chrome-extension://invalid/:0
[   94396ms] [ERROR] Failed to load resource: net::ERR_FAILED @ chrome-extension://invalid/:0
[   94498ms] [ERROR] Failed to load resource: net::ERR_FAILED @ chrome-extension://invalid/:0
[   94600ms] [ERROR] Failed to load resource: net::ERR_FAILED @ chrome-extension://invalid/:0
[   94706ms] [ERROR] Failed to load resource: net::ERR_FAILED @ chrome-extension://invalid/:0
[   94812ms] [ERROR] Failed to load resource: net::ERR_FAILED @ chrome-extension://invalid/:0
[   94916ms] [ERROR] Failed to load resource: net::ERR_FAILED @ chrome-extension://invalid/:0
[   95018ms] [ERROR] Failed to load resource: net::ERR_FAILED @ chrome-extension://invalid/:0
[   95121ms] [ERROR] Failed to load resource: net::ERR_FAILED @ chrome-extension://invalid/:0
[   95222ms] [ERROR] Failed to load resource: net::ERR_FAILED @ chrome-extension://invalid/:0
[   95323ms] [ERROR] Failed to load resource: net::ERR_FAILED @ chrome-extension://invalid/:0
[   95426ms] [ERROR] Failed to load resource: net::ERR_FAILED @ chrome-extension://invalid/:0
[   95530ms] [ERROR] Failed to load resource: net::ERR_FAILED @ chrome-extension://invalid/:0
[   95633ms] [ERROR] Failed to load resource: net::ERR_FAILED @ chrome-extension://invalid/:0
[   95739ms] [ERROR] Failed to load resource: net::ERR_FAILED @ chrome-extension://invalid/:0
[   95841ms] [ERROR] Failed to load resource: net::ERR_FAILED @ chrome-extension://invalid/:0
[   95943ms] [ERROR] Failed to load resource: net::ERR_FAILED @ chrome-extension://invalid/:0
[   96046ms] [ERROR] Failed to load resource: net::ERR_FAILED @ chrome-extension://invalid/:0
[   96150ms] [ERROR] Failed to load resource: net::ERR_FAILED @ chrome-extension://invalid/:0
[   96251ms] [ERROR] Failed to load resource: net::ERR_FAILED @ chrome-extension://invalid/:0
[   96355ms] [ERROR] Failed to load resource: net::ERR_FAILED @ chrome-extension://invalid/:0
[   96458ms] [ERROR] Failed to load resource: net::ERR_FAILED @ chrome-extension://invalid/:0
[   96562ms] [ERROR] Failed to load resource: net::ERR_FAILED @ chrome-extension://invalid/:0
[   96668ms] [ERROR] Failed to load resource: net::ERR_FAILED @ chrome-extension://invalid/:0
[   96770ms] [ERROR] Failed to load resource: net::ERR_FAILED @ chrome-extension://invalid/:0
[   96872ms] [ERROR] Failed to load resource: net::ERR_FAILED @ chrome-extension://invalid/:0
[   96978ms] [ERROR] Failed to load resource: net::ERR_FAILED @ chrome-extension://invalid/:0
[   97080ms] [ERROR] Failed to load resource: net::ERR_FAILED @ chrome-extension://invalid/:0
[   97184ms] [ERROR] Failed to load resource: net::ERR_FAILED @ chrome-extension://invalid/:0
[   97289ms] [ERROR] Failed to load resource: net::ERR_FAILED @ chrome-extension://invalid/:0
[   97392ms] [ERROR] Failed to load resource: net::ERR_FAILED @ chrome-extension://invalid/:0
[   97497ms] [ERROR] Failed to load resource: net::ERR_FAILED @ chrome-extension://invalid/:0
[   97599ms] [ERROR] Failed to load resource: net::ERR_FAILED @ chrome-extension://invalid/:0
[   97703ms] [ERROR] Failed to load resource: net::ERR_FAILED @ chrome-extension://invalid/:0
[   97805ms] [ERROR] Failed to load resource: net::ERR_FAILED @ chrome-extension://invalid/:0
[   97907ms] [ERROR] Failed to load resource: net::ERR_FAILED @ chrome-extension://invalid/:0
[   98010ms] [ERROR] Failed to load resource: net::ERR_FAILED @ chrome-extension://invalid/:0
[   98116ms] [ERROR] Failed to load resource: net::ERR_FAILED @ chrome-extension://invalid/:0
[   98217ms] [ERROR] Failed to load resource: net::ERR_FAILED @ chrome-extension://invalid/:0
[   98319ms] [ERROR] Failed to load resource: net::ERR_FAILED @ chrome-extension://invalid/:0
[   98420ms] [ERROR] Failed to load resource: net::ERR_FAILED @ chrome-extension://invalid/:0
[   98521ms] [ERROR] Failed to load resource: net::ERR_FAILED @ chrome-extension://invalid/:0
[   98624ms] [ERROR] Failed to load resource: net::ERR_FAILED @ chrome-extension://invalid/:0
[   98726ms] [ERROR] Failed to load resource: net::ERR_FAILED @ chrome-extension://invalid/:0
[   98828ms] [ERROR] Failed to load resource: net::ERR_FAILED @ chrome-extension://invalid/:0
[   98931ms] [ERROR] Failed to load resource: net::ERR_FAILED @ chrome-extension://invalid/:0
[   99035ms] [ERROR] Failed to load resource: net::ERR_FAILED @ chrome-extension://invalid/:0
[   99141ms] [ERROR] Failed to load resource: net::ERR_FAILED @ chrome-extension://invalid/:0
[   99243ms] [ERROR] Failed to load resource: net::ERR_FAILED @ chrome-extension://invalid/:0
[   99345ms] [ERROR] Failed to load resource: net::ERR_FAILED @ chrome-extension://invalid/:0
[   99447ms] [ERROR] Failed to load resource: net::ERR_FAILED @ chrome-extension://invalid/:0
[   99550ms] [ERROR] Failed to load resource: net::ERR_FAILED @ chrome-extension://invalid/:0
[   99651ms] [ERROR] Failed to load resource: net::ERR_FAILED @ chrome-extension://invalid/:0
[   99754ms] [ERROR] Failed to load resource: net::ERR_FAILED @ chrome-extension://invalid/:0
[   99855ms] [ERROR] Failed to load resource: net::ERR_FAILED @ chrome-extension://invalid/:0
[   99957ms] [ERROR] Failed to load resource: net::ERR_FAILED @ chrome-extension://invalid/:0
[  100059ms] [ERROR] Failed to load resource: net::ERR_FAILED @ chrome-extension://invalid/:0
[  100161ms] [ERROR] Failed to load resource: net::ERR_FAILED @ chrome-extension://invalid/:0
[  100263ms] [ERROR] Failed to load resource: net::ERR_FAILED @ chrome-extension://invalid/:0
[  100368ms] [ERROR] Failed to load resource: net::ERR_FAILED @ chrome-extension://invalid/:0
[  100473ms] [ERROR] Failed to load resource: net::ERR_FAILED @ chrome-extension://invalid/:0
[  100575ms] [ERROR] Failed to load resource: net::ERR_FAILED @ chrome-extension://invalid/:0
[  100677ms] [ERROR] Failed to load resource: net::ERR_FAILED @ chrome-extension://invalid/:0
[  100782ms] [ERROR] Failed to load resource: net::ERR_FAILED @ chrome-extension://invalid/:0
[  100889ms] [ERROR] Failed to load resource: net::ERR_FAILED @ chrome-extension://invalid/:0
[  100995ms] [ERROR] Failed to load resource: net::ERR_FAILED @ chrome-extension://invalid/:0
[  101099ms] [ERROR] Failed to load resource: net::ERR_FAILED @ chrome-extension://invalid/:0
[  101205ms] [ERROR] Failed to load resource: net::ERR_FAILED @ chrome-extension://invalid/:0
[  101309ms] [ERROR] Failed to load resource: net::ERR_FAILED @ chrome-extension://invalid/:0
[  101416ms] [ERROR] Failed to load resource: net::ERR_FAILED @ chrome-extension://invalid/:0
[  101518ms] [ERROR] Failed to load resource: net::ERR_FAILED @ chrome-extension://invalid/:0
[  101620ms] [ERROR] Failed to load resource: net::ERR_FAILED @ chrome-extension://invalid/:0
[  101722ms] [ERROR] Failed to load resource: net::ERR_FAILED @ chrome-extension://invalid/:0
[  101824ms] [ERROR] Failed to load resource: net::ERR_FAILED @ chrome-extension://invalid/:0
[  101928ms] [ERROR] Failed to load resource: net::ERR_FAILED @ chrome-extension://invalid/:0
[  102031ms] [ERROR] Failed to load resource: net::ERR_FAILED @ chrome-extension://invalid/:0
[  102138ms] [ERROR] Failed to load resource: net::ERR_FAILED @ chrome-extension://invalid/:0
[  102239ms] [ERROR] Failed to load resource: net::ERR_FAILED @ chrome-extension://invalid/:0
[  102342ms] [ERROR] Failed to load resource: net::ERR_FAILED @ chrome-extension://invalid/:0
[  102443ms] [ERROR] Failed to load resource: net::ERR_FAILED @ chrome-extension://invalid/:0
[  102546ms] [ERROR] Failed to load resource: net::ERR_FAILED @ chrome-extension://invalid/:0
[  102650ms] [ERROR] Failed to load resource: net::ERR_FAILED @ chrome-extension://invalid/:0
[  102752ms] [ERROR] Failed to load resource: net::ERR_FAILED @ chrome-extension://invalid/:0
[  102854ms] [ERROR] Failed to load resource: net::ERR_FAILED @ chrome-extension://invalid/:0
[  102956ms] [ERROR] Failed to load resource: net::ERR_FAILED @ chrome-extension://invalid/:0
[  103062ms] [ERROR] Failed to load resource: net::ERR_FAILED @ chrome-extension://invalid/:0
[  103163ms] [ERROR] Failed to load resource: net::ERR_FAILED @ chrome-extension://invalid/:0
[  103266ms] [ERROR] Failed to load resource: net::ERR_FAILED @ chrome-extension://invalid/:0
[  103371ms] [ERROR] Failed to load resource: net::ERR_FAILED @ chrome-extension://invalid/:0
[  103475ms] [ERROR] Failed to load resource: net::ERR_FAILED @ chrome-extension://invalid/:0
[  103577ms] [ERROR] Failed to load resource: net::ERR_FAILED @ chrome-extension://invalid/:0
[  103683ms] [ERROR] Failed to load resource: net::ERR_FAILED @ chrome-extension://invalid/:0
[  103789ms] [ERROR] Failed to load resource: net::ERR_FAILED @ chrome-extension://invalid/:0
[  103896ms] [ERROR] Failed to load resource: net::ERR_FAILED @ chrome-extension://invalid/:0
[  103998ms] [ERROR] Failed to load resource: net::ERR_FAILED @ chrome-extension://invalid/:0
[  104099ms] [ERROR] Failed to load resource: net::ERR_FAILED @ chrome-extension://invalid/:0
[  104205ms] [ERROR] Failed to load resource: net::ERR_FAILED @ chrome-extension://invalid/:0
[  104308ms] [ERROR] Failed to load resource: net::ERR_FAILED @ chrome-extension://invalid/:0
[  104414ms] [ERROR] Failed to load resource: net::ERR_FAILED @ chrome-extension://invalid/:0
[  104519ms] [ERROR] Failed to load resource: net::ERR_FAILED @ chrome-extension://invalid/:0
[  104622ms] [ERROR] Failed to load resource: net::ERR_FAILED @ chrome-extension://invalid/:0
[  104726ms] [ERROR] Failed to load resource: net::ERR_FAILED @ chrome-extension://invalid/:0
[  104829ms] [ERROR] Failed to load resource: net::ERR_FAILED @ chrome-extension://invalid/:0
[  104934ms] [ERROR] Failed to load resource: net::ERR_FAILED @ chrome-extension://invalid/:0
[  105035ms] [ERROR] Failed to load resource: net::ERR_FAILED @ chrome-extension://invalid/:0
[  105140ms] [ERROR] Failed to load resource: net::ERR_FAILED @ chrome-extension://invalid/:0
[  105241ms] [ERROR] Failed to load resource: net::ERR_FAILED @ chrome-extension://invalid/:0
[  105342ms] [ERROR] Failed to load resource: net::ERR_FAILED @ chrome-extension://invalid/:0
[  105444ms] [ERROR] Failed to load resource: net::ERR_FAILED @ chrome-extension://invalid/:0
[  105547ms] [ERROR] Failed to load resource: net::ERR_FAILED @ chrome-extension://invalid/:0
[  105649ms] [ERROR] Failed to load resource: net::ERR_FAILED @ chrome-extension://invalid/:0
[  105751ms] [ERROR] Failed to load resource: net::ERR_FAILED @ chrome-extension://invalid/:0
[  105854ms] [ERROR] Failed to load resource: net::ERR_FAILED @ chrome-extension://invalid/:0
[  105957ms] [ERROR] Failed to load resource: net::ERR_FAILED @ chrome-extension://invalid/:0
[  106061ms] [ERROR] Failed to load resource: net::ERR_FAILED @ chrome-extension://invalid/:0
[  106164ms] [ERROR] Failed to load resource: net::ERR_FAILED @ chrome-extension://invalid/:0
[  106271ms] [ERROR] Failed to load resource: net::ERR_FAILED @ chrome-extension://invalid/:0
[  106373ms] [ERROR] Failed to load resource: net::ERR_FAILED @ chrome-extension://invalid/:0
[  106478ms] [ERROR] Failed to load resource: net::ERR_FAILED @ chrome-extension://invalid/:0
[  106581ms] [ERROR] Failed to load resource: net::ERR_FAILED @ chrome-extension://invalid/:0
[  106683ms] [ERROR] Failed to load resource: net::ERR_FAILED @ chrome-extension://invalid/:0
[  106785ms] [ERROR] Failed to load resource: net::ERR_FAILED @ chrome-extension://invalid/:0
[  106887ms] [ERROR] Failed to load resource: net::ERR_FAILED @ chrome-extension://invalid/:0
[  106989ms] [ERROR] Failed to load resource: net::ERR_FAILED @ chrome-extension://invalid/:0
[  107095ms] [ERROR] Failed to load resource: net::ERR_FAILED @ chrome-extension://invalid/:0
[  107199ms] [ERROR] Failed to load resource: net::ERR_FAILED @ chrome-extension://invalid/:0
[  107301ms] [ERROR] Failed to load resource: net::ERR_FAILED @ chrome-extension://invalid/:0
[  107407ms] [ERROR] Failed to load resource: net::ERR_FAILED @ chrome-extension://invalid/:0
[  107509ms] [ERROR] Failed to load resource: net::ERR_FAILED @ chrome-extension://invalid/:0
[  107612ms] [ERROR] Failed to load resource: net::ERR_FAILED @ chrome-extension://invalid/:0
[  107715ms] [ERROR] Failed to load resource: net::ERR_FAILED @ chrome-extension://invalid/:0
[  107818ms] [ERROR] Failed to load resource: net::ERR_FAILED @ chrome-extension://invalid/:0
[  107920ms] [ERROR] Failed to load resource: net::ERR_FAILED @ chrome-extension://invalid/:0
[  108022ms] [ERROR] Failed to load resource: net::ERR_FAILED @ chrome-extension://invalid/:0
[  108125ms] [ERROR] Failed to load resource: net::ERR_FAILED @ chrome-extension://invalid/:0
[  108227ms] [ERROR] Failed to load resource: net::ERR_FAILED @ chrome-extension://invalid/:0
[  108329ms] [ERROR] Failed to load resource: net::ERR_FAILED @ chrome-extension://invalid/:0
[  108433ms] [ERROR] Failed to load resource: net::ERR_FAILED @ chrome-extension://invalid/:0
[  108538ms] [ERROR] Failed to load resource: net::ERR_FAILED @ chrome-extension://invalid/:0
[  108640ms] [ERROR] Failed to load resource: net::ERR_FAILED @ chrome-extension://invalid/:0
[  108741ms] [ERROR] Failed to load resource: net::ERR_FAILED @ chrome-extension://invalid/:0
[  108843ms] [ERROR] Failed to load resource: net::ERR_FAILED @ chrome-extension://invalid/:0
[  108946ms] [ERROR] Failed to load resource: net::ERR_FAILED @ chrome-extension://invalid/:0
[  109049ms] [ERROR] Failed to load resource: net::ERR_FAILED @ chrome-extension://invalid/:0
[  109150ms] [ERROR] Failed to load resource: net::ERR_FAILED @ chrome-extension://invalid/:0
[  109253ms] [ERROR] Failed to load resource: net::ERR_FAILED @ chrome-extension://invalid/:0
[  109356ms] [ERROR] Failed to load resource: net::ERR_FAILED @ chrome-extension://invalid/:0
[  109460ms] [ERROR] Failed to load resource: net::ERR_FAILED @ chrome-extension://invalid/:0
[  109562ms] [ERROR] Failed to load resource: net::ERR_FAILED @ chrome-extension://invalid/:0
[  109669ms] [ERROR] Failed to load resource: net::ERR_FAILED @ chrome-extension://invalid/:0
[  109771ms] [ERROR] Failed to load resource: net::ERR_FAILED @ chrome-extension://invalid/:0
[  109874ms] [ERROR] Failed to load resource: net::ERR_FAILED @ chrome-extension://invalid/:0
[  109980ms] [ERROR] Failed to load resource: net::ERR_FAILED @ chrome-extension://invalid/:0
[  110083ms] [ERROR] Failed to load resource: net::ERR_FAILED @ chrome-extension://invalid/:0
[  110190ms] [ERROR] Failed to load resource: net::ERR_FAILED @ chrome-extension://invalid/:0
[  110292ms] [ERROR] Failed to load resource: net::ERR_FAILED @ chrome-extension://invalid/:0
[  110398ms] [ERROR] Failed to load resource: net::ERR_FAILED @ chrome-extension://invalid/:0
[  110500ms] [ERROR] Failed to load resource: net::ERR_FAILED @ chrome-extension://invalid/:0
[  110606ms] [ERROR] Failed to load resource: net::ERR_FAILED @ chrome-extension://invalid/:0
[  110709ms] [ERROR] Failed to load resource: net::ERR_FAILED @ chrome-extension://invalid/:0
[  110815ms] [ERROR] Failed to load resource: net::ERR_FAILED @ chrome-extension://invalid/:0
[  110918ms] [ERROR] Failed to load resource: net::ERR_FAILED @ chrome-extension://invalid/:0
[  111020ms] [ERROR] Failed to load resource: net::ERR_FAILED @ chrome-extension://invalid/:0
[  111123ms] [ERROR] Failed to load resource: net::ERR_FAILED @ chrome-extension://invalid/:0
[  111226ms] [ERROR] Failed to load resource: net::ERR_FAILED @ chrome-extension://invalid/:0
[  111328ms] [ERROR] Failed to load resource: net::ERR_FAILED @ chrome-extension://invalid/:0
[  111431ms] [ERROR] Failed to load resource: net::ERR_FAILED @ chrome-extension://invalid/:0
[  111533ms] [ERROR] Failed to load resource: net::ERR_FAILED @ chrome-extension://invalid/:0
[  111638ms] [ERROR] Failed to load resource: net::ERR_FAILED @ chrome-extension://invalid/:0
[  111744ms] [ERROR] Failed to load resource: net::ERR_FAILED @ chrome-extension://invalid/:0
[  111845ms] [ERROR] Failed to load resource: net::ERR_FAILED @ chrome-extension://invalid/:0
[  111947ms] [ERROR] Failed to load resource: net::ERR_FAILED @ chrome-extension://invalid/:0
[  112050ms] [ERROR] Failed to load resource: net::ERR_FAILED @ chrome-extension://invalid/:0
[  112152ms] [ERROR] Failed to load resource: net::ERR_FAILED @ chrome-extension://invalid/:0
[  112256ms] [ERROR] Failed to load resource: net::ERR_FAILED @ chrome-extension://invalid/:0
[  112360ms] [ERROR] Failed to load resource: net::ERR_FAILED @ chrome-extension://invalid/:0
[  112464ms] [ERROR] Failed to load resource: net::ERR_FAILED @ chrome-extension://invalid/:0
[  112570ms] [ERROR] Failed to load resource: net::ERR_FAILED @ chrome-extension://invalid/:0
[  112672ms] [ERROR] Failed to load resource: net::ERR_FAILED @ chrome-extension://invalid/:0
[  112777ms] [ERROR] Failed to load resource: net::ERR_FAILED @ chrome-extension://invalid/:0
[  112883ms] [ERROR] Failed to load resource: net::ERR_FAILED @ chrome-extension://invalid/:0
[  112988ms] [ERROR] Failed to load resource: net::ERR_FAILED @ chrome-extension://invalid/:0
[  113093ms] [ERROR] Failed to load resource: net::ERR_FAILED @ chrome-extension://invalid/:0
[  113199ms] [ERROR] Failed to load resource: net::ERR_FAILED @ chrome-extension://invalid/:0
[  113302ms] [ERROR] Failed to load resource: net::ERR_FAILED @ chrome-extension://invalid/:0
[  113403ms] [ERROR] Failed to load resource: net::ERR_FAILED @ chrome-extension://invalid/:0
[  113510ms] [ERROR] Failed to load resource: net::ERR_FAILED @ chrome-extension://invalid/:0
[  113614ms] [ERROR] Failed to load resource: net::ERR_FAILED @ chrome-extension://invalid/:0
[  113717ms] [ERROR] Failed to load resource: net::ERR_FAILED @ chrome-extension://invalid/:0
[  113818ms] [ERROR] Failed to load resource: net::ERR_FAILED @ chrome-extension://invalid/:0
[  113921ms] [ERROR] Failed to load resource: net::ERR_FAILED @ chrome-extension://invalid/:0
[  114023ms] [ERROR] Failed to load resource: net::ERR_FAILED @ chrome-extension://invalid/:0
[  114125ms] [ERROR] Failed to load resource: net::ERR_FAILED @ chrome-extension://invalid/:0
[  114228ms] [ERROR] Failed to load resource: net::ERR_FAILED @ chrome-extension://invalid/:0
[  114331ms] [ERROR] Failed to load resource: net::ERR_FAILED @ chrome-extension://invalid/:0
[  114437ms] [ERROR] Failed to load resource: net::ERR_FAILED @ chrome-extension://invalid/:0
[  114543ms] [ERROR] Failed to load resource: net::ERR_FAILED @ chrome-extension://invalid/:0
[  114645ms] [ERROR] Failed to load resource: net::ERR_FAILED @ chrome-extension://invalid/:0
[  114748ms] [ERROR] Failed to load resource: net::ERR_FAILED @ chrome-extension://invalid/:0
[  114849ms] [ERROR] Failed to load resource: net::ERR_FAILED @ chrome-extension://invalid/:0
[  114952ms] [ERROR] Failed to load resource: net::ERR_FAILED @ chrome-extension://invalid/:0
[  115053ms] [ERROR] Failed to load resource: net::ERR_FAILED @ chrome-extension://invalid/:0
[  115155ms] [ERROR] Failed to load resource: net::ERR_FAILED @ chrome-extension://invalid/:0
[  115259ms] [ERROR] Failed to load resource: net::ERR_FAILED @ chrome-extension://invalid/:0
[  115364ms] [ERROR] Failed to load resource: net::ERR_FAILED @ chrome-extension://invalid/:0
[  115468ms] [ERROR] Failed to load resource: net::ERR_FAILED @ chrome-extension://invalid/:0
[  115574ms] [ERROR] Failed to load resource: net::ERR_FAILED @ chrome-extension://invalid/:0
[  115677ms] [ERROR] Failed to load resource: net::ERR_FAILED @ chrome-extension://invalid/:0
[  115781ms] [ERROR] Failed to load resource: net::ERR_FAILED @ chrome-extension://invalid/:0
[  115883ms] [ERROR] Failed to load resource: net::ERR_FAILED @ chrome-extension://invalid/:0
[  115986ms] [ERROR] Failed to load resource: net::ERR_FAILED @ chrome-extension://invalid/:0
[  116087ms] [ERROR] Failed to load resource: net::ERR_FAILED @ chrome-extension://invalid/:0
[  116192ms] [ERROR] Failed to load resource: net::ERR_FAILED @ chrome-extension://invalid/:0
[  116297ms] [ERROR] Failed to load resource: net::ERR_FAILED @ chrome-extension://invalid/:0
[  116400ms] [ERROR] Failed to load resource: net::ERR_FAILED @ chrome-extension://invalid/:0
[  116506ms] [ERROR] Failed to load resource: net::ERR_FAILED @ chrome-extension://invalid/:0
[  116608ms] [ERROR] Failed to load resource: net::ERR_FAILED @ chrome-extension://invalid/:0
[  116716ms] [ERROR] Failed to load resource: net::ERR_FAILED @ chrome-extension://invalid/:0
[  116818ms] [ERROR] Failed to load resource: net::ERR_FAILED @ chrome-extension://invalid/:0
[  116920ms] [ERROR] Failed to load resource: net::ERR_FAILED @ chrome-extension://invalid/:0
[  117023ms] [ERROR] Failed to load resource: net::ERR_FAILED @ chrome-extension://invalid/:0
[  117126ms] [ERROR] Failed to load resource: net::ERR_FAILED @ chrome-extension://invalid/:0
[  117231ms] [ERROR] Failed to load resource: net::ERR_FAILED @ chrome-extension://invalid/:0
[  117335ms] [ERROR] Failed to load resource: net::ERR_FAILED @ chrome-extension://invalid/:0
[  117441ms] [ERROR] Failed to load resource: net::ERR_FAILED @ chrome-extension://invalid/:0
[  117544ms] [ERROR] Failed to load resource: net::ERR_FAILED @ chrome-extension://invalid/:0
[  117646ms] [ERROR] Failed to load resource: net::ERR_FAILED @ chrome-extension://invalid/:0
[  117748ms] [ERROR] Failed to load resource: net::ERR_FAILED @ chrome-extension://invalid/:0
[  117850ms] [ERROR] Failed to load resource: net::ERR_FAILED @ chrome-extension://invalid/:0
[  117954ms] [ERROR] Failed to load resource: net::ERR_FAILED @ chrome-extension://invalid/:0
[  118059ms] [ERROR] Failed to load resource: net::ERR_FAILED @ chrome-extension://invalid/:0
[  118164ms] [ERROR] Failed to load resource: net::ERR_FAILED @ chrome-extension://invalid/:0
[  118269ms] [ERROR] Failed to load resource: net::ERR_FAILED @ chrome-extension://invalid/:0
[  118376ms] [ERROR] Failed to load resource: net::ERR_FAILED @ chrome-extension://invalid/:0
[  118482ms] [ERROR] Failed to load resource: net::ERR_FAILED @ chrome-extension://invalid/:0
[  118586ms] [ERROR] Failed to load resource: net::ERR_FAILED @ chrome-extension://invalid/:0
[  118690ms] [ERROR] Failed to load resource: net::ERR_FAILED @ chrome-extension://invalid/:0
[  118794ms] [ERROR] Failed to load resource: net::ERR_FAILED @ chrome-extension://invalid/:0
[  118896ms] [ERROR] Failed to load resource: net::ERR_FAILED @ chrome-extension://invalid/:0
[  119000ms] [ERROR] Failed to load resource: net::ERR_FAILED @ chrome-extension://invalid/:0
[  119104ms] [ERROR] Failed to load resource: net::ERR_FAILED @ chrome-extension://invalid/:0
[  119210ms] [ERROR] Failed to load resource: net::ERR_FAILED @ chrome-extension://invalid/:0
[  119316ms] [ERROR] Failed to load resource: net::ERR_FAILED @ chrome-extension://invalid/:0
[  119418ms] [ERROR] Failed to load resource: net::ERR_FAILED @ chrome-extension://invalid/:0
[  119521ms] [ERROR] Failed to load resource: net::ERR_FAILED @ chrome-extension://invalid/:0
[  119624ms] [ERROR] Failed to load resource: net::ERR_FAILED @ chrome-extension://invalid/:0
[  119728ms] [ERROR] Failed to load resource: net::ERR_FAILED @ chrome-extension://invalid/:0
[  119831ms] [ERROR] Failed to load resource: net::ERR_FAILED @ chrome-extension://invalid/:0
[  119936ms] [ERROR] Failed to load resource: net::ERR_FAILED @ chrome-extension://invalid/:0
[  120043ms] [ERROR] Failed to load resource: net::ERR_FAILED @ chrome-extension://invalid/:0
[  120145ms] [ERROR] Failed to load resource: net::ERR_FAILED @ chrome-extension://invalid/:0
[  120247ms] [ERROR] Failed to load resource: net::ERR_FAILED @ chrome-extension://invalid/:0
[  120349ms] [ERROR] Failed to load resource: net::ERR_FAILED @ chrome-extension://invalid/:0
[  120452ms] [ERROR] Failed to load resource: net::ERR_FAILED @ chrome-extension://invalid/:0
[  120557ms] [ERROR] Failed to load resource: net::ERR_FAILED @ chrome-extension://invalid/:0
[  120659ms] [ERROR] Failed to load resource: net::ERR_FAILED @ chrome-extension://invalid/:0
[  120761ms] [ERROR] Failed to load resource: net::ERR_FAILED @ chrome-extension://invalid/:0
[  120863ms] [ERROR] Failed to load resource: net::ERR_FAILED @ chrome-extension://invalid/:0
[  120964ms] [ERROR] Failed to load resource: net::ERR_FAILED @ chrome-extension://invalid/:0
[  121070ms] [ERROR] Failed to load resource: net::ERR_FAILED @ chrome-extension://invalid/:0
[  121173ms] [ERROR] Failed to load resource: net::ERR_FAILED @ chrome-extension://invalid/:0
[  121277ms] [ERROR] Failed to load resource: net::ERR_FAILED @ chrome-extension://invalid/:0
[  121380ms] [ERROR] Failed to load resource: net::ERR_FAILED @ chrome-extension://invalid/:0
[  121486ms] [ERROR] Failed to load resource: net::ERR_FAILED @ chrome-extension://invalid/:0
[  121591ms] [ERROR] Failed to load resource: net::ERR_FAILED @ chrome-extension://invalid/:0
[  121694ms] [ERROR] Failed to load resource: net::ERR_FAILED @ chrome-extension://invalid/:0
[  121800ms] [ERROR] Failed to load resource: net::ERR_FAILED @ chrome-extension://invalid/:0
[  121903ms] [ERROR] Failed to load resource: net::ERR_FAILED @ chrome-extension://invalid/:0
[  122006ms] [ERROR] Failed to load resource: net::ERR_FAILED @ chrome-extension://invalid/:0
[  122112ms] [ERROR] Failed to load resource: net::ERR_FAILED @ chrome-extension://invalid/:0
[  122213ms] [ERROR] Failed to load resource: net::ERR_FAILED @ chrome-extension://invalid/:0
[  122318ms] [ERROR] Failed to load resource: net::ERR_FAILED @ chrome-extension://invalid/:0
[  122421ms] [ERROR] Failed to load resource: net::ERR_FAILED @ chrome-extension://invalid/:0
[  122524ms] [ERROR] Failed to load resource: net::ERR_FAILED @ chrome-extension://invalid/:0
[  122629ms] [ERROR] Failed to load resource: net::ERR_FAILED @ chrome-extension://invalid/:0
[  122736ms] [ERROR] Failed to load resource: net::ERR_FAILED @ chrome-extension://invalid/:0
[  122841ms] [ERROR] Failed to load resource: net::ERR_FAILED @ chrome-extension://invalid/:0
[  122942ms] [ERROR] Failed to load resource: net::ERR_FAILED @ chrome-extension://invalid/:0
[  123046ms] [ERROR] Failed to load resource: net::ERR_FAILED @ chrome-extension://invalid/:0
[  123147ms] [ERROR] Failed to load resource: net::ERR_FAILED @ chrome-extension://invalid/:0
[  123250ms] [ERROR] Failed to load resource: net::ERR_FAILED @ chrome-extension://invalid/:0
[  123354ms] [ERROR] Failed to load resource: net::ERR_FAILED @ chrome-extension://invalid/:0
[  123458ms] [ERROR] Failed to load resource: net::ERR_FAILED @ chrome-extension://invalid/:0
[  123560ms] [ERROR] Failed to load resource: net::ERR_FAILED @ chrome-extension://invalid/:0
[  123663ms] [ERROR] Failed to load resource: net::ERR_FAILED @ chrome-extension://invalid/:0
[  123765ms] [ERROR] Failed to load resource: net::ERR_FAILED @ chrome-extension://invalid/:0
[  123867ms] [ERROR] Failed to load resource: net::ERR_FAILED @ chrome-extension://invalid/:0
[  123968ms] [ERROR] Failed to load resource: net::ERR_FAILED @ chrome-extension://invalid/:0
[  124071ms] [ERROR] Failed to load resource: net::ERR_FAILED @ chrome-extension://invalid/:0
[  124174ms] [ERROR] Failed to load resource: net::ERR_FAILED @ chrome-extension://invalid/:0
[  124278ms] [ERROR] Failed to load resource: net::ERR_FAILED @ chrome-extension://invalid/:0
[  124382ms] [ERROR] Failed to load resource: net::ERR_FAILED @ chrome-extension://invalid/:0
[  124488ms] [ERROR] Failed to load resource: net::ERR_FAILED @ chrome-extension://invalid/:0
[  124593ms] [ERROR] Failed to load resource: net::ERR_FAILED @ chrome-extension://invalid/:0
[  124696ms] [ERROR] Failed to load resource: net::ERR_FAILED @ chrome-extension://invalid/:0
[  124799ms] [ERROR] Failed to load resource: net::ERR_FAILED @ chrome-extension://invalid/:0
[  124906ms] [ERROR] Failed to load resource: net::ERR_FAILED @ chrome-extension://invalid/:0
[  125008ms] [ERROR] Failed to load resource: net::ERR_FAILED @ chrome-extension://invalid/:0
[  125113ms] [ERROR] Failed to load resource: net::ERR_FAILED @ chrome-extension://invalid/:0
[  125219ms] [ERROR] Failed to load resource: net::ERR_FAILED @ chrome-extension://invalid/:0
[  125322ms] [ERROR] Failed to load resource: net::ERR_FAILED @ chrome-extension://invalid/:0
[  125424ms] [ERROR] Failed to load resource: net::ERR_FAILED @ chrome-extension://invalid/:0
[  125527ms] [ERROR] Failed to load resource: net::ERR_FAILED @ chrome-extension://invalid/:0
[  125628ms] [ERROR] Failed to load resource: net::ERR_FAILED @ chrome-extension://invalid/:0
[  125732ms] [ERROR] Failed to load resource: net::ERR_FAILED @ chrome-extension://invalid/:0
[  125834ms] [ERROR] Failed to load resource: net::ERR_FAILED @ chrome-extension://invalid/:0
[  125940ms] [ERROR] Failed to load resource: net::ERR_FAILED @ chrome-extension://invalid/:0
[  126045ms] [ERROR] Failed to load resource: net::ERR_FAILED @ chrome-extension://invalid/:0
[  126147ms] [ERROR] Failed to load resource: net::ERR_FAILED @ chrome-extension://invalid/:0
[  126249ms] [ERROR] Failed to load resource: net::ERR_FAILED @ chrome-extension://invalid/:0
[  126351ms] [ERROR] Failed to load resource: net::ERR_FAILED @ chrome-extension://invalid/:0
[  126454ms] [ERROR] Failed to load resource: net::ERR_FAILED @ chrome-extension://invalid/:0
[  126557ms] [ERROR] Failed to load resource: net::ERR_FAILED @ chrome-extension://invalid/:0
[  126660ms] [ERROR] Failed to load resource: net::ERR_FAILED @ chrome-extension://invalid/:0
[  126765ms] [ERROR] Failed to load resource: net::ERR_FAILED @ chrome-extension://invalid/:0
[  126870ms] [ERROR] Failed to load resource: net::ERR_FAILED @ chrome-extension://invalid/:0
[  126975ms] [ERROR] Failed to load resource: net::ERR_FAILED @ chrome-extension://invalid/:0
[  127075ms] [ERROR] Failed to load resource: net::ERR_FAILED @ chrome-extension://invalid/:0
[  127182ms] [ERROR] Failed to load resource: net::ERR_FAILED @ chrome-extension://invalid/:0
[  127288ms] [ERROR] Failed to load resource: net::ERR_FAILED @ chrome-extension://invalid/:0
[  127392ms] [ERROR] Failed to load resource: net::ERR_FAILED @ chrome-extension://invalid/:0
[  127497ms] [ERROR] Failed to load resource: net::ERR_FAILED @ chrome-extension://invalid/:0
[  127600ms] [ERROR] Failed to load resource: net::ERR_FAILED @ chrome-extension://invalid/:0
[  127704ms] [ERROR] Failed to load resource: net::ERR_FAILED @ chrome-extension://invalid/:0
[  127806ms] [ERROR] Failed to load resource: net::ERR_FAILED @ chrome-extension://invalid/:0
[  127908ms] [ERROR] Failed to load resource: net::ERR_FAILED @ chrome-extension://invalid/:0
[  128012ms] [ERROR] Failed to load resource: net::ERR_FAILED @ chrome-extension://invalid/:0
[  128115ms] [ERROR] Failed to load resource: net::ERR_FAILED @ chrome-extension://invalid/:0
[  128217ms] [ERROR] Failed to load resource: net::ERR_FAILED @ chrome-extension://invalid/:0
[  128319ms] [ERROR] Failed to load resource: net::ERR_FAILED @ chrome-extension://invalid/:0
[  128423ms] [ERROR] Failed to load resource: net::ERR_FAILED @ chrome-extension://invalid/:0
[  128527ms] [ERROR] Failed to load resource: net::ERR_FAILED @ chrome-extension://invalid/:0
[  128630ms] [ERROR] Failed to load resource: net::ERR_FAILED @ chrome-extension://invalid/:0
[  128734ms] [ERROR] Failed to load resource: net::ERR_FAILED @ chrome-extension://invalid/:0
[  128836ms] [ERROR] Failed to load resource: net::ERR_FAILED @ chrome-extension://invalid/:0
[  128942ms] [ERROR] Failed to load resource: net::ERR_FAILED @ chrome-extension://invalid/:0
[  129044ms] [ERROR] Failed to load resource: net::ERR_FAILED @ chrome-extension://invalid/:0
[  129147ms] [ERROR] Failed to load resource: net::ERR_FAILED @ chrome-extension://invalid/:0
[  129250ms] [ERROR] Failed to load resource: net::ERR_FAILED @ chrome-extension://invalid/:0
[  129353ms] [ERROR] Failed to load resource: net::ERR_FAILED @ chrome-extension://invalid/:0
[  129457ms] [ERROR] Failed to load resource: net::ERR_FAILED @ chrome-extension://invalid/:0
[  129563ms] [ERROR] Failed to load resource: net::ERR_FAILED @ chrome-extension://invalid/:0
[  129667ms] [ERROR] Failed to load resource: net::ERR_FAILED @ chrome-extension://invalid/:0
[  129771ms] [ERROR] Failed to load resource: net::ERR_FAILED @ chrome-extension://invalid/:0
[  129873ms] [ERROR] Failed to load resource: net::ERR_FAILED @ chrome-extension://invalid/:0
[  129978ms] [ERROR] Failed to load resource: net::ERR_FAILED @ chrome-extension://invalid/:0
[  130081ms] [ERROR] Failed to load resource: net::ERR_FAILED @ chrome-extension://invalid/:0
[  130186ms] [ERROR] Failed to load resource: net::ERR_FAILED @ chrome-extension://invalid/:0
[  130292ms] [ERROR] Failed to load resource: net::ERR_FAILED @ chrome-extension://invalid/:0
[  130398ms] [ERROR] Failed to load resource: net::ERR_FAILED @ chrome-extension://invalid/:0
[  130504ms] [ERROR] Failed to load resource: net::ERR_FAILED @ chrome-extension://invalid/:0
[  130608ms] [ERROR] Failed to load resource: net::ERR_FAILED @ chrome-extension://invalid/:0
[  130713ms] [ERROR] Failed to load resource: net::ERR_FAILED @ chrome-extension://invalid/:0
[  130818ms] [ERROR] Failed to load resource: net::ERR_FAILED @ chrome-extension://invalid/:0
[  130921ms] [ERROR] Failed to load resource: net::ERR_FAILED @ chrome-extension://invalid/:0
[  131024ms] [ERROR] Failed to load resource: net::ERR_FAILED @ chrome-extension://invalid/:0
[  131128ms] [ERROR] Failed to load resource: net::ERR_FAILED @ chrome-extension://invalid/:0
[  131231ms] [ERROR] Failed to load resource: net::ERR_FAILED @ chrome-extension://invalid/:0
[  131334ms] [ERROR] Failed to load resource: net::ERR_FAILED @ chrome-extension://invalid/:0
[  131441ms] [ERROR] Failed to load resource: net::ERR_FAILED @ chrome-extension://invalid/:0
[  131545ms] [ERROR] Failed to load resource: net::ERR_FAILED @ chrome-extension://invalid/:0
[  131648ms] [ERROR] Failed to load resource: net::ERR_FAILED @ chrome-extension://invalid/:0
[  131750ms] [ERROR] Failed to load resource: net::ERR_FAILED @ chrome-extension://invalid/:0
[  131855ms] [ERROR] Failed to load resource: net::ERR_FAILED @ chrome-extension://invalid/:0
[  131957ms] [ERROR] Failed to load resource: net::ERR_FAILED @ chrome-extension://invalid/:0
[  132060ms] [ERROR] Failed to load resource: net::ERR_FAILED @ chrome-extension://invalid/:0
[  132166ms] [ERROR] Failed to load resource: net::ERR_FAILED @ chrome-extension://invalid/:0
[  132269ms] [ERROR] Failed to load resource: net::ERR_FAILED @ chrome-extension://invalid/:0
[  132374ms] [ERROR] Failed to load resource: net::ERR_FAILED @ chrome-extension://invalid/:0
[  132476ms] [ERROR] Failed to load resource: net::ERR_FAILED @ chrome-extension://invalid/:0
[  132579ms] [ERROR] Failed to load resource: net::ERR_FAILED @ chrome-extension://invalid/:0
[  132684ms] [ERROR] Failed to load resource: net::ERR_FAILED @ chrome-extension://invalid/:0
[  132788ms] [ERROR] Failed to load resource: net::ERR_FAILED @ chrome-extension://invalid/:0
[  132893ms] [ERROR] Failed to load resource: net::ERR_FAILED @ chrome-extension://invalid/:0
[  133000ms] [ERROR] Failed to load resource: net::ERR_FAILED @ chrome-extension://invalid/:0
[  133107ms] [ERROR] Failed to load resource: net::ERR_FAILED @ chrome-extension://invalid/:0
[  133214ms] [ERROR] Failed to load resource: net::ERR_FAILED @ chrome-extension://invalid/:0
[  133318ms] [ERROR] Failed to load resource: net::ERR_FAILED @ chrome-extension://invalid/:0
[  133421ms] [ERROR] Failed to load resource: net::ERR_FAILED @ chrome-extension://invalid/:0
[  133525ms] [ERROR] Failed to load resource: net::ERR_FAILED @ chrome-extension://invalid/:0
[  133630ms] [ERROR] Failed to load resource: net::ERR_FAILED @ chrome-extension://invalid/:0
[  133736ms] [ERROR] Failed to load resource: net::ERR_FAILED @ chrome-extension://invalid/:0
[  133842ms] [ERROR] Failed to load resource: net::ERR_FAILED @ chrome-extension://invalid/:0
[  133945ms] [ERROR] Failed to load resource: net::ERR_FAILED @ chrome-extension://invalid/:0
[  134047ms] [ERROR] Failed to load resource: net::ERR_FAILED @ chrome-extension://invalid/:0
[  134149ms] [ERROR] Failed to load resource: net::ERR_FAILED @ chrome-extension://invalid/:0
[  134252ms] [ERROR] Failed to load resource: net::ERR_FAILED @ chrome-extension://invalid/:0
[  134355ms] [ERROR] Failed to load resource: net::ERR_FAILED @ chrome-extension://invalid/:0
[  134459ms] [ERROR] Failed to load resource: net::ERR_FAILED @ chrome-extension://invalid/:0
[  134562ms] [ERROR] Failed to load resource: net::ERR_FAILED @ chrome-extension://invalid/:0
[  134669ms] [ERROR] Failed to load resource: net::ERR_FAILED @ chrome-extension://invalid/:0
[  134773ms] [ERROR] Failed to load resource: net::ERR_FAILED @ chrome-extension://invalid/:0
[  134878ms] [ERROR] Failed to load resource: net::ERR_FAILED @ chrome-extension://invalid/:0
[  134981ms] [ERROR] Failed to load resource: net::ERR_FAILED @ chrome-extension://invalid/:0
[  135084ms] [ERROR] Failed to load resource: net::ERR_FAILED @ chrome-extension://invalid/:0
[  135186ms] [ERROR] Failed to load resource: net::ERR_FAILED @ chrome-extension://invalid/:0
[  135289ms] [ERROR] Failed to load resource: net::ERR_FAILED @ chrome-extension://invalid/:0
[  135394ms] [ERROR] Failed to load resource: net::ERR_FAILED @ chrome-extension://invalid/:0
[  135498ms] [ERROR] Failed to load resource: net::ERR_FAILED @ chrome-extension://invalid/:0
[  135604ms] [ERROR] Failed to load resource: net::ERR_FAILED @ chrome-extension://invalid/:0
[  135711ms] [ERROR] Failed to load resource: net::ERR_FAILED @ chrome-extension://invalid/:0
[  135818ms] [ERROR] Failed to load resource: net::ERR_FAILED @ chrome-extension://invalid/:0
[  135921ms] [ERROR] Failed to load resource: net::ERR_FAILED @ chrome-extension://invalid/:0
[  136024ms] [ERROR] Failed to load resource: net::ERR_FAILED @ chrome-extension://invalid/:0
[  136128ms] [ERROR] Failed to load resource: net::ERR_FAILED @ chrome-extension://invalid/:0
[  136233ms] [ERROR] Failed to load resource: net::ERR_FAILED @ chrome-extension://invalid/:0
[  136337ms] [ERROR] Failed to load resource: net::ERR_FAILED @ chrome-extension://invalid/:0
[  136443ms] [ERROR] Failed to load resource: net::ERR_FAILED @ chrome-extension://invalid/:0
[  136546ms] [ERROR] Failed to load resource: net::ERR_FAILED @ chrome-extension://invalid/:0
[  136649ms] [ERROR] Failed to load resource: net::ERR_FAILED @ chrome-extension://invalid/:0
[  136751ms] [ERROR] Failed to load resource: net::ERR_FAILED @ chrome-extension://invalid/:0
[  136855ms] [ERROR] Failed to load resource: net::ERR_FAILED @ chrome-extension://invalid/:0
[  136958ms] [ERROR] Failed to load resource: net::ERR_FAILED @ chrome-extension://invalid/:0
[  137063ms] [ERROR] Failed to load resource: net::ERR_FAILED @ chrome-extension://invalid/:0
[  137166ms] [ERROR] Failed to load resource: net::ERR_FAILED @ chrome-extension://invalid/:0
[  137272ms] [ERROR] Failed to load resource: net::ERR_FAILED @ chrome-extension://invalid/:0
[  137377ms] [ERROR] Failed to load resource: net::ERR_FAILED @ chrome-extension://invalid/:0
[  137484ms] [ERROR] Failed to load resource: net::ERR_FAILED @ chrome-extension://invalid/:0
[  137589ms] [ERROR] Failed to load resource: net::ERR_FAILED @ chrome-extension://invalid/:0
[  137695ms] [ERROR] Failed to load resource: net::ERR_FAILED @ chrome-extension://invalid/:0
[  137798ms] [ERROR] Failed to load resource: net::ERR_FAILED @ chrome-extension://invalid/:0
[  137903ms] [ERROR] Failed to load resource: net::ERR_FAILED @ chrome-extension://invalid/:0
[  138006ms] [ERROR] Failed to load resource: net::ERR_FAILED @ chrome-extension://invalid/:0
[  138109ms] [ERROR] Failed to load resource: net::ERR_FAILED @ chrome-extension://invalid/:0
[  138213ms] [ERROR] Failed to load resource: net::ERR_FAILED @ chrome-extension://invalid/:0
[  138315ms] [ERROR] Failed to load resource: net::ERR_FAILED @ chrome-extension://invalid/:0
[  138417ms] [ERROR] Failed to load resource: net::ERR_FAILED @ chrome-extension://invalid/:0
[  138519ms] [ERROR] Failed to load resource: net::ERR_FAILED @ chrome-extension://invalid/:0
[  138622ms] [ERROR] Failed to load resource: net::ERR_FAILED @ chrome-extension://invalid/:0
[  138725ms] [ERROR] Failed to load resource: net::ERR_FAILED @ chrome-extension://invalid/:0
[  138828ms] [ERROR] Failed to load resource: net::ERR_FAILED @ chrome-extension://invalid/:0
[  138933ms] [ERROR] Failed to load resource: net::ERR_FAILED @ chrome-extension://invalid/:0
[  139040ms] [ERROR] Failed to load resource: net::ERR_FAILED @ chrome-extension://invalid/:0
[  139144ms] [ERROR] Failed to load resource: net::ERR_FAILED @ chrome-extension://invalid/:0
[  139248ms] [ERROR] Failed to load resource: net::ERR_FAILED @ chrome-extension://invalid/:0
[  139351ms] [ERROR] Failed to load resource: net::ERR_FAILED @ chrome-extension://invalid/:0
[  139453ms] [ERROR] Failed to load resource: net::ERR_FAILED @ chrome-extension://invalid/:0
[  139555ms] [ERROR] Failed to load resource: net::ERR_FAILED @ chrome-extension://invalid/:0
[  139659ms] [ERROR] Failed to load resource: net::ERR_FAILED @ chrome-extension://invalid/:0
[  139762ms] [ERROR] Failed to load resource: net::ERR_FAILED @ chrome-extension://invalid/:0
[  139867ms] [ERROR] Failed to load resource: net::ERR_FAILED @ chrome-extension://invalid/:0
[  139969ms] [ERROR] Failed to load resource: net::ERR_FAILED @ chrome-extension://invalid/:0
[  140073ms] [ERROR] Failed to load resource: net::ERR_FAILED @ chrome-extension://invalid/:0
[  140176ms] [ERROR] Failed to load resource: net::ERR_FAILED @ chrome-extension://invalid/:0
[  140280ms] [ERROR] Failed to load resource: net::ERR_FAILED @ chrome-extension://invalid/:0
[  140385ms] [ERROR] Failed to load resource: net::ERR_FAILED @ chrome-extension://invalid/:0
[  140487ms] [ERROR] Failed to load resource: net::ERR_FAILED @ chrome-extension://invalid/:0
[  140591ms] [ERROR] Failed to load resource: net::ERR_FAILED @ chrome-extension://invalid/:0
[  140696ms] [ERROR] Failed to load resource: net::ERR_FAILED @ chrome-extension://invalid/:0
[  140800ms] [ERROR] Failed to load resource: net::ERR_FAILED @ chrome-extension://invalid/:0
[  140903ms] [ERROR] Failed to load resource: net::ERR_FAILED @ chrome-extension://invalid/:0
[  141008ms] [ERROR] Failed to load resource: net::ERR_FAILED @ chrome-extension://invalid/:0
[  141116ms] [ERROR] Failed to load resource: net::ERR_FAILED @ chrome-extension://invalid/:0
[  141218ms] [ERROR] Failed to load resource: net::ERR_FAILED @ chrome-extension://invalid/:0
[  141321ms] [ERROR] Failed to load resource: net::ERR_FAILED @ chrome-extension://invalid/:0
[  141424ms] [ERROR] Failed to load resource: net::ERR_FAILED @ chrome-extension://invalid/:0
[  141527ms] [ERROR] Failed to load resource: net::ERR_FAILED @ chrome-extension://invalid/:0
[  141630ms] [ERROR] Failed to load resource: net::ERR_FAILED @ chrome-extension://invalid/:0
[  141735ms] [ERROR] Failed to load resource: net::ERR_FAILED @ chrome-extension://invalid/:0
[  141840ms] [ERROR] Failed to load resource: net::ERR_FAILED @ chrome-extension://invalid/:0
[  141945ms] [ERROR] Failed to load resource: net::ERR_FAILED @ chrome-extension://invalid/:0
[  142046ms] [ERROR] Failed to load resource: net::ERR_FAILED @ chrome-extension://invalid/:0
[  142150ms] [ERROR] Failed to load resource: net::ERR_FAILED @ chrome-extension://invalid/:0
[  142253ms] [ERROR] Failed to load resource: net::ERR_FAILED @ chrome-extension://invalid/:0
[  142355ms] [ERROR] Failed to load resource: net::ERR_FAILED @ chrome-extension://invalid/:0
[  142459ms] [ERROR] Failed to load resource: net::ERR_FAILED @ chrome-extension://invalid/:0
[  142563ms] [ERROR] Failed to load resource: net::ERR_FAILED @ chrome-extension://invalid/:0
[  142666ms] [ERROR] Failed to load resource: net::ERR_FAILED @ chrome-extension://invalid/:0
[  142771ms] [ERROR] Failed to load resource: net::ERR_FAILED @ chrome-extension://invalid/:0
[  142875ms] [ERROR] Failed to load resource: net::ERR_FAILED @ chrome-extension://invalid/:0
[  142978ms] [ERROR] Failed to load resource: net::ERR_FAILED @ chrome-extension://invalid/:0
[  143080ms] [ERROR] Failed to load resource: net::ERR_FAILED @ chrome-extension://invalid/:0
[  143186ms] [ERROR] Failed to load resource: net::ERR_FAILED @ chrome-extension://invalid/:0
[  143289ms] [ERROR] Failed to load resource: net::ERR_FAILED @ chrome-extension://invalid/:0
[  143393ms] [ERROR] Failed to load resource: net::ERR_FAILED @ chrome-extension://invalid/:0
[  143495ms] [ERROR] Failed to load resource: net::ERR_FAILED @ chrome-extension://invalid/:0
[  143599ms] [ERROR] Failed to load resource: net::ERR_FAILED @ chrome-extension://invalid/:0
[  143703ms] [ERROR] Failed to load resource: net::ERR_FAILED @ chrome-extension://invalid/:0
[  143809ms] [ERROR] Failed to load resource: net::ERR_FAILED @ chrome-extension://invalid/:0
[  143915ms] [ERROR] Failed to load resource: net::ERR_FAILED @ chrome-extension://invalid/:0
[  144018ms] [ERROR] Failed to load resource: net::ERR_FAILED @ chrome-extension://invalid/:0
[  144121ms] [ERROR] Failed to load resource: net::ERR_FAILED @ chrome-extension://invalid/:0
[  144224ms] [ERROR] Failed to load resource: net::ERR_FAILED @ chrome-extension://invalid/:0
[  144326ms] [ERROR] Failed to load resource: net::ERR_FAILED @ chrome-extension://invalid/:0
[  144431ms] [ERROR] Failed to load resource: net::ERR_FAILED @ chrome-extension://invalid/:0
[  144534ms] [ERROR] Failed to load resource: net::ERR_FAILED @ chrome-extension://invalid/:0
[  144637ms] [ERROR] Failed to load resource: net::ERR_FAILED @ chrome-extension://invalid/:0
[  144740ms] [ERROR] Failed to load resource: net::ERR_FAILED @ chrome-extension://invalid/:0
[  144844ms] [ERROR] Failed to load resource: net::ERR_FAILED @ chrome-extension://invalid/:0
[  144945ms] [ERROR] Failed to load resource: net::ERR_FAILED @ chrome-extension://invalid/:0
[  145047ms] [ERROR] Failed to load resource: net::ERR_FAILED @ chrome-extension://invalid/:0
[  145150ms] [ERROR] Failed to load resource: net::ERR_FAILED @ chrome-extension://invalid/:0
[  145253ms] [ERROR] Failed to load resource: net::ERR_FAILED @ chrome-extension://invalid/:0
[  145356ms] [ERROR] Failed to load resource: net::ERR_FAILED @ chrome-extension://invalid/:0
[  145457ms] [ERROR] Failed to load resource: net::ERR_FAILED @ chrome-extension://invalid/:0
[  145560ms] [ERROR] Failed to load resource: net::ERR_FAILED @ chrome-extension://invalid/:0
[  145665ms] [ERROR] Failed to load resource: net::ERR_FAILED @ chrome-extension://invalid/:0
[  145771ms] [ERROR] Failed to load resource: net::ERR_FAILED @ chrome-extension://invalid/:0
[  145877ms] [ERROR] Failed to load resource: net::ERR_FAILED @ chrome-extension://invalid/:0
[  145984ms] [ERROR] Failed to load resource: net::ERR_FAILED @ chrome-extension://invalid/:0
[  146088ms] [ERROR] Failed to load resource: net::ERR_FAILED @ chrome-extension://invalid/:0
[  146194ms] [ERROR] Failed to load resource: net::ERR_FAILED @ chrome-extension://invalid/:0
[  146300ms] [ERROR] Failed to load resource: net::ERR_FAILED @ chrome-extension://invalid/:0
[  146401ms] [ERROR] Failed to load resource: net::ERR_FAILED @ chrome-extension://invalid/:0
[  146506ms] [ERROR] Failed to load resource: net::ERR_FAILED @ chrome-extension://invalid/:0
[  146610ms] [ERROR] Failed to load resource: net::ERR_FAILED @ chrome-extension://invalid/:0
[  146717ms] [ERROR] Failed to load resource: net::ERR_FAILED @ chrome-extension://invalid/:0
[  146818ms] [ERROR] Failed to load resource: net::ERR_FAILED @ chrome-extension://invalid/:0
[  146920ms] [ERROR] Failed to load resource: net::ERR_FAILED @ chrome-extension://invalid/:0
[  147023ms] [ERROR] Failed to load resource: net::ERR_FAILED @ chrome-extension://invalid/:0
[  147125ms] [ERROR] Failed to load resource: net::ERR_FAILED @ chrome-extension://invalid/:0
[  147230ms] [ERROR] Failed to load resource: net::ERR_FAILED @ chrome-extension://invalid/:0
[  147333ms] [ERROR] Failed to load resource: net::ERR_FAILED @ chrome-extension://invalid/:0
[  147440ms] [ERROR] Failed to load resource: net::ERR_FAILED @ chrome-extension://invalid/:0
[  147542ms] [ERROR] Failed to load resource: net::ERR_FAILED @ chrome-extension://invalid/:0
[  147644ms] [ERROR] Failed to load resource: net::ERR_FAILED @ chrome-extension://invalid/:0
[  147746ms] [ERROR] Failed to load resource: net::ERR_FAILED @ chrome-extension://invalid/:0
[  147849ms] [ERROR] Failed to load resource: net::ERR_FAILED @ chrome-extension://invalid/:0
[  147952ms] [ERROR] Failed to load resource: net::ERR_FAILED @ chrome-extension://invalid/:0
[  148057ms] [ERROR] Failed to load resource: net::ERR_FAILED @ chrome-extension://invalid/:0
[  148161ms] [ERROR] Failed to load resource: net::ERR_FAILED @ chrome-extension://invalid/:0
[  148267ms] [ERROR] Failed to load resource: net::ERR_FAILED @ chrome-extension://invalid/:0
[  148369ms] [ERROR] Failed to load resource: net::ERR_FAILED @ chrome-extension://invalid/:0
[  148475ms] [ERROR] Failed to load resource: net::ERR_FAILED @ chrome-extension://invalid/:0
[  148578ms] [ERROR] Failed to load resource: net::ERR_FAILED @ chrome-extension://invalid/:0
[  148679ms] [ERROR] Failed to load resource: net::ERR_FAILED @ chrome-extension://invalid/:0
[  148785ms] [ERROR] Failed to load resource: net::ERR_FAILED @ chrome-extension://invalid/:0
[  148889ms] [ERROR] Failed to load resource: net::ERR_FAILED @ chrome-extension://invalid/:0
[  148994ms] [ERROR] Failed to load resource: net::ERR_FAILED @ chrome-extension://invalid/:0
[  149100ms] [ERROR] Failed to load resource: net::ERR_FAILED @ chrome-extension://invalid/:0
[  149206ms] [ERROR] Failed to load resource: net::ERR_FAILED @ chrome-extension://invalid/:0
[  149308ms] [ERROR] Failed to load resource: net::ERR_FAILED @ chrome-extension://invalid/:0
[  149411ms] [ERROR] Failed to load resource: net::ERR_FAILED @ chrome-extension://invalid/:0
[  149515ms] [ERROR] Failed to load resource: net::ERR_FAILED @ chrome-extension://invalid/:0
[  149618ms] [ERROR] Failed to load resource: net::ERR_FAILED @ chrome-extension://invalid/:0
[  149720ms] [ERROR] Failed to load resource: net::ERR_FAILED @ chrome-extension://invalid/:0
[  149821ms] [ERROR] Failed to load resource: net::ERR_FAILED @ chrome-extension://invalid/:0
[  149923ms] [ERROR] Failed to load resource: net::ERR_FAILED @ chrome-extension://invalid/:0
[  150025ms] [ERROR] Failed to load resource: net::ERR_FAILED @ chrome-extension://invalid/:0
[  150129ms] [ERROR] Failed to load resource: net::ERR_FAILED @ chrome-extension://invalid/:0
[  150233ms] [ERROR] Failed to load resource: net::ERR_FAILED @ chrome-extension://invalid/:0
[  150336ms] [ERROR] Failed to load resource: net::ERR_FAILED @ chrome-extension://invalid/:0
[  150443ms] [ERROR] Failed to load resource: net::ERR_FAILED @ chrome-extension://invalid/:0
[  150545ms] [ERROR] Failed to load resource: net::ERR_FAILED @ chrome-extension://invalid/:0
[  150646ms] [ERROR] Failed to load resource: net::ERR_FAILED @ chrome-extension://invalid/:0
[  150747ms] [ERROR] Failed to load resource: net::ERR_FAILED @ chrome-extension://invalid/:0
[  150850ms] [ERROR] Failed to load resource: net::ERR_FAILED @ chrome-extension://invalid/:0
[  150952ms] [ERROR] Failed to load resource: net::ERR_FAILED @ chrome-extension://invalid/:0
[  151056ms] [ERROR] Failed to load resource: net::ERR_FAILED @ chrome-extension://invalid/:0
[  151162ms] [ERROR] Failed to load resource: net::ERR_FAILED @ chrome-extension://invalid/:0
[  151269ms] [ERROR] Failed to load resource: net::ERR_FAILED @ chrome-extension://invalid/:0
[  151372ms] [ERROR] Failed to load resource: net::ERR_FAILED @ chrome-extension://invalid/:0
[  151473ms] [ERROR] Failed to load resource: net::ERR_FAILED @ chrome-extension://invalid/:0
[  151575ms] [ERROR] Failed to load resource: net::ERR_FAILED @ chrome-extension://invalid/:0
[  151677ms] [ERROR] Failed to load resource: net::ERR_FAILED @ chrome-extension://invalid/:0
[  151779ms] [ERROR] Failed to load resource: net::ERR_FAILED @ chrome-extension://invalid/:0
[  151883ms] [ERROR] Failed to load resource: net::ERR_FAILED @ chrome-extension://invalid/:0
[  151990ms] [ERROR] Failed to load resource: net::ERR_FAILED @ chrome-extension://invalid/:0
[  152093ms] [ERROR] Failed to load resource: net::ERR_FAILED @ chrome-extension://invalid/:0
[  152197ms] [ERROR] Failed to load resource: net::ERR_FAILED @ chrome-extension://invalid/:0
[  152302ms] [ERROR] Failed to load resource: net::ERR_FAILED @ chrome-extension://invalid/:0
[  152408ms] [ERROR] Failed to load resource: net::ERR_FAILED @ chrome-extension://invalid/:0
[  152514ms] [ERROR] Failed to load resource: net::ERR_FAILED @ chrome-extension://invalid/:0
[  152597ms] [ERROR] Failed to load resource: net::ERR_CONNECTION_TIMED_OUT @ https://ads.stickyadstv.com/user-matching?id=3661&_t=1779716034650:0
[  152616ms] [ERROR] Failed to load resource: net::ERR_FAILED @ chrome-extension://invalid/:0
[  152719ms] [ERROR] Failed to load resource: net::ERR_FAILED @ chrome-extension://invalid/:0
[  152822ms] [ERROR] Failed to load resource: net::ERR_FAILED @ chrome-extension://invalid/:0
[  152924ms] [ERROR] Failed to load resource: net::ERR_FAILED @ chrome-extension://invalid/:0
[  153027ms] [ERROR] Failed to load resource: net::ERR_FAILED @ chrome-extension://invalid/:0
[  153131ms] [ERROR] Failed to load resource: net::ERR_FAILED @ chrome-extension://invalid/:0
[  153235ms] [ERROR] Failed to load resource: net::ERR_FAILED @ chrome-extension://invalid/:0
[  153336ms] [ERROR] Failed to load resource: net::ERR_FAILED @ chrome-extension://invalid/:0
[  153438ms] [ERROR] Failed to load resource: net::ERR_FAILED @ chrome-extension://invalid/:0
[  153543ms] [ERROR] Failed to load resource: net::ERR_FAILED @ chrome-extension://invalid/:0
[  153646ms] [ERROR] Failed to load resource: net::ERR_FAILED @ chrome-extension://invalid/:0
[  153747ms] [ERROR] Failed to load resource: net::ERR_FAILED @ chrome-extension://invalid/:0
[  153850ms] [ERROR] Failed to load resource: net::ERR_FAILED @ chrome-extension://invalid/:0
[  153952ms] [ERROR] Failed to load resource: net::ERR_FAILED @ chrome-extension://invalid/:0
[  154055ms] [ERROR] Failed to load resource: net::ERR_FAILED @ chrome-extension://invalid/:0
[  154160ms] [ERROR] Failed to load resource: net::ERR_FAILED @ chrome-extension://invalid/:0
[  154262ms] [ERROR] Failed to load resource: net::ERR_FAILED @ chrome-extension://invalid/:0
[  154368ms] [ERROR] Failed to load resource: net::ERR_FAILED @ chrome-extension://invalid/:0
[  154473ms] [ERROR] Failed to load resource: net::ERR_FAILED @ chrome-extension://invalid/:0
[  154577ms] [ERROR] Failed to load resource: net::ERR_FAILED @ chrome-extension://invalid/:0
[  154683ms] [ERROR] Failed to load resource: net::ERR_FAILED @ chrome-extension://invalid/:0
[  154789ms] [ERROR] Failed to load resource: net::ERR_FAILED @ chrome-extension://invalid/:0
[  154893ms] [ERROR] Failed to load resource: net::ERR_FAILED @ chrome-extension://invalid/:0
[  154995ms] [ERROR] Failed to load resource: net::ERR_FAILED @ chrome-extension://invalid/:0
[  155101ms] [ERROR] Failed to load resource: net::ERR_FAILED @ chrome-extension://invalid/:0
[  155202ms] [ERROR] Failed to load resource: net::ERR_FAILED @ chrome-extension://invalid/:0
[  155308ms] [ERROR] Failed to load resource: net::ERR_FAILED @ chrome-extension://invalid/:0
[  155412ms] [ERROR] Failed to load resource: net::ERR_FAILED @ chrome-extension://invalid/:0
[  155515ms] [ERROR] Failed to load resource: net::ERR_FAILED @ chrome-extension://invalid/:0
[  155618ms] [ERROR] Failed to load resource: net::ERR_FAILED @ chrome-extension://invalid/:0
[  155719ms] [ERROR] Failed to load resource: net::ERR_FAILED @ chrome-extension://invalid/:0
[  155822ms] [ERROR] Failed to load resource: net::ERR_FAILED @ chrome-extension://invalid/:0
[  155924ms] [ERROR] Failed to load resource: net::ERR_FAILED @ chrome-extension://invalid/:0
[  156025ms] [ERROR] Failed to load resource: net::ERR_FAILED @ chrome-extension://invalid/:0
[  156127ms] [ERROR] Failed to load resource: net::ERR_FAILED @ chrome-extension://invalid/:0
[  156230ms] [ERROR] Failed to load resource: net::ERR_FAILED @ chrome-extension://invalid/:0
[  156333ms] [ERROR] Failed to load resource: net::ERR_FAILED @ chrome-extension://invalid/:0
[  156440ms] [ERROR] Failed to load resource: net::ERR_FAILED @ chrome-extension://invalid/:0
[  156544ms] [ERROR] Failed to load resource: net::ERR_FAILED @ chrome-extension://invalid/:0
[  156645ms] [ERROR] Failed to load resource: net::ERR_FAILED @ chrome-extension://invalid/:0
[  156746ms] [ERROR] Failed to load resource: net::ERR_FAILED @ chrome-extension://invalid/:0
[  156847ms] [ERROR] Failed to load resource: net::ERR_FAILED @ chrome-extension://invalid/:0
[  156950ms] [ERROR] Failed to load resource: net::ERR_FAILED @ chrome-extension://invalid/:0
[  157051ms] [ERROR] Failed to load resource: net::ERR_FAILED @ chrome-extension://invalid/:0
[  157154ms] [ERROR] Failed to load resource: net::ERR_FAILED @ chrome-extension://invalid/:0
[  157258ms] [ERROR] Failed to load resource: net::ERR_FAILED @ chrome-extension://invalid/:0
[  157361ms] [ERROR] Failed to load resource: net::ERR_FAILED @ chrome-extension://invalid/:0
[  157463ms] [ERROR] Failed to load resource: net::ERR_FAILED @ chrome-extension://invalid/:0
[  157566ms] [ERROR] Failed to load resource: net::ERR_FAILED @ chrome-extension://invalid/:0
[  157668ms] [ERROR] Failed to load resource: net::ERR_FAILED @ chrome-extension://invalid/:0
[  157770ms] [ERROR] Failed to load resource: net::ERR_FAILED @ chrome-extension://invalid/:0
[  157871ms] [ERROR] Failed to load resource: net::ERR_FAILED @ chrome-extension://invalid/:0
[  157974ms] [ERROR] Failed to load resource: net::ERR_FAILED @ chrome-extension://invalid/:0
[  158075ms] [ERROR] Failed to load resource: net::ERR_FAILED @ chrome-extension://invalid/:0
[  158179ms] [ERROR] Failed to load resource: net::ERR_FAILED @ chrome-extension://invalid/:0
[  158282ms] [ERROR] Failed to load resource: net::ERR_FAILED @ chrome-extension://invalid/:0
[  158385ms] [ERROR] Failed to load resource: net::ERR_FAILED @ chrome-extension://invalid/:0
[  158487ms] [ERROR] Failed to load resource: net::ERR_FAILED @ chrome-extension://invalid/:0
[  158592ms] [ERROR] Failed to load resource: net::ERR_FAILED @ chrome-extension://invalid/:0
[  158697ms] [ERROR] Failed to load resource: net::ERR_FAILED @ chrome-extension://invalid/:0
[  158801ms] [ERROR] Failed to load resource: net::ERR_FAILED @ chrome-extension://invalid/:0
[  158906ms] [ERROR] Failed to load resource: net::ERR_FAILED @ chrome-extension://invalid/:0
[  159008ms] [ERROR] Failed to load resource: net::ERR_FAILED @ chrome-extension://invalid/:0
[  159114ms] [ERROR] Failed to load resource: net::ERR_FAILED @ chrome-extension://invalid/:0
[  159216ms] [ERROR] Failed to load resource: net::ERR_FAILED @ chrome-extension://invalid/:0
[  159318ms] [ERROR] Failed to load resource: net::ERR_FAILED @ chrome-extension://invalid/:0
[  159420ms] [ERROR] Failed to load resource: net::ERR_FAILED @ chrome-extension://invalid/:0
[  159521ms] [ERROR] Failed to load resource: net::ERR_FAILED @ chrome-extension://invalid/:0
[  159624ms] [ERROR] Failed to load resource: net::ERR_FAILED @ chrome-extension://invalid/:0
[  159726ms] [ERROR] Failed to load resource: net::ERR_FAILED @ chrome-extension://invalid/:0
[  159829ms] [ERROR] Failed to load resource: net::ERR_FAILED @ chrome-extension://invalid/:0
[  159932ms] [ERROR] Failed to load resource: net::ERR_FAILED @ chrome-extension://invalid/:0
[  160033ms] [ERROR] Failed to load resource: net::ERR_FAILED @ chrome-extension://invalid/:0
[  160139ms] [ERROR] Failed to load resource: net::ERR_FAILED @ chrome-extension://invalid/:0
[  160240ms] [ERROR] Failed to load resource: net::ERR_FAILED @ chrome-extension://invalid/:0
[  160342ms] [ERROR] Failed to load resource: net::ERR_FAILED @ chrome-extension://invalid/:0
[  160443ms] [ERROR] Failed to load resource: net::ERR_FAILED @ chrome-extension://invalid/:0
[  160546ms] [ERROR] Failed to load resource: net::ERR_FAILED @ chrome-extension://invalid/:0
[  160649ms] [ERROR] Failed to load resource: net::ERR_FAILED @ chrome-extension://invalid/:0
[  160751ms] [ERROR] Failed to load resource: net::ERR_FAILED @ chrome-extension://invalid/:0
[  160853ms] [ERROR] Failed to load resource: net::ERR_FAILED @ chrome-extension://invalid/:0
[  160956ms] [ERROR] Failed to load resource: net::ERR_FAILED @ chrome-extension://invalid/:0
[  161057ms] [ERROR] Failed to load resource: net::ERR_FAILED @ chrome-extension://invalid/:0
[  161160ms] [ERROR] Failed to load resource: net::ERR_FAILED @ chrome-extension://invalid/:0
[  161266ms] [ERROR] Failed to load resource: net::ERR_FAILED @ chrome-extension://invalid/:0
[  161369ms] [ERROR] Failed to load resource: net::ERR_FAILED @ chrome-extension://invalid/:0
[  161475ms] [ERROR] Failed to load resource: net::ERR_FAILED @ chrome-extension://invalid/:0
[  161577ms] [ERROR] Failed to load resource: net::ERR_FAILED @ chrome-extension://invalid/:0
[  161684ms] [ERROR] Failed to load resource: net::ERR_FAILED @ chrome-extension://invalid/:0
[  161790ms] [ERROR] Failed to load resource: net::ERR_FAILED @ chrome-extension://invalid/:0
[  161892ms] [ERROR] Failed to load resource: net::ERR_FAILED @ chrome-extension://invalid/:0
[  161994ms] [ERROR] Failed to load resource: net::ERR_FAILED @ chrome-extension://invalid/:0
[  162097ms] [ERROR] Failed to load resource: net::ERR_FAILED @ chrome-extension://invalid/:0
[  162199ms] [ERROR] Failed to load resource: net::ERR_FAILED @ chrome-extension://invalid/:0
[  162305ms] [ERROR] Failed to load resource: net::ERR_FAILED @ chrome-extension://invalid/:0
[  162409ms] [ERROR] Failed to load resource: net::ERR_FAILED @ chrome-extension://invalid/:0
[  162515ms] [ERROR] Failed to load resource: net::ERR_FAILED @ chrome-extension://invalid/:0
[  162617ms] [ERROR] Failed to load resource: net::ERR_FAILED @ chrome-extension://invalid/:0
[  162718ms] [ERROR] Failed to load resource: net::ERR_FAILED @ chrome-extension://invalid/:0
[  162821ms] [ERROR] Failed to load resource: net::ERR_FAILED @ chrome-extension://invalid/:0
[  162924ms] [ERROR] Failed to load resource: net::ERR_FAILED @ chrome-extension://invalid/:0
[  163027ms] [ERROR] Failed to load resource: net::ERR_FAILED @ chrome-extension://invalid/:0
[  163132ms] [ERROR] Failed to load resource: net::ERR_FAILED @ chrome-extension://invalid/:0
[  163235ms] [ERROR] Failed to load resource: net::ERR_FAILED @ chrome-extension://invalid/:0
[  163337ms] [ERROR] Failed to load resource: net::ERR_FAILED @ chrome-extension://invalid/:0
[  163441ms] [ERROR] Failed to load resource: net::ERR_FAILED @ chrome-extension://invalid/:0
[  163544ms] [ERROR] Failed to load resource: net::ERR_FAILED @ chrome-extension://invalid/:0
[  163646ms] [ERROR] Failed to load resource: net::ERR_FAILED @ chrome-extension://invalid/:0
[  163749ms] [ERROR] Failed to load resource: net::ERR_FAILED @ chrome-extension://invalid/:0
[  163850ms] [ERROR] Failed to load resource: net::ERR_FAILED @ chrome-extension://invalid/:0
[  163954ms] [ERROR] Failed to load resource: net::ERR_FAILED @ chrome-extension://invalid/:0
[  164057ms] [ERROR] Failed to load resource: net::ERR_FAILED @ chrome-extension://invalid/:0
[  164159ms] [ERROR] Failed to load resource: net::ERR_FAILED @ chrome-extension://invalid/:0
[  164260ms] [ERROR] Failed to load resource: net::ERR_FAILED @ chrome-extension://invalid/:0
[  164365ms] [ERROR] Failed to load resource: net::ERR_FAILED @ chrome-extension://invalid/:0
[  164467ms] [ERROR] Failed to load resource: net::ERR_FAILED @ chrome-extension://invalid/:0
[  164569ms] [ERROR] Failed to load resource: net::ERR_FAILED @ chrome-extension://invalid/:0
[  164673ms] [ERROR] Failed to load resource: net::ERR_FAILED @ chrome-extension://invalid/:0
[  164776ms] [ERROR] Failed to load resource: net::ERR_FAILED @ chrome-extension://invalid/:0
[  164882ms] [ERROR] Failed to load resource: net::ERR_FAILED @ chrome-extension://invalid/:0
[  164987ms] [ERROR] Failed to load resource: net::ERR_FAILED @ chrome-extension://invalid/:0
[  165090ms] [ERROR] Failed to load resource: net::ERR_FAILED @ chrome-extension://invalid/:0
[  165195ms] [ERROR] Failed to load resource: net::ERR_FAILED @ chrome-extension://invalid/:0
[  165301ms] [ERROR] Failed to load resource: net::ERR_FAILED @ chrome-extension://invalid/:0
[  165406ms] [ERROR] Failed to load resource: net::ERR_FAILED @ chrome-extension://invalid/:0
[  165510ms] [ERROR] Failed to load resource: net::ERR_FAILED @ chrome-extension://invalid/:0
[  165616ms] [ERROR] Failed to load resource: net::ERR_FAILED @ chrome-extension://invalid/:0
[  165718ms] [ERROR] Failed to load resource: net::ERR_FAILED @ chrome-extension://invalid/:0
[  165819ms] [ERROR] Failed to load resource: net::ERR_FAILED @ chrome-extension://invalid/:0
[  165923ms] [ERROR] Failed to load resource: net::ERR_FAILED @ chrome-extension://invalid/:0
[  166025ms] [ERROR] Failed to load resource: net::ERR_FAILED @ chrome-extension://invalid/:0
[  166129ms] [ERROR] Failed to load resource: net::ERR_FAILED @ chrome-extension://invalid/:0
[  166232ms] [ERROR] Failed to load resource: net::ERR_FAILED @ chrome-extension://invalid/:0
[  166333ms] [ERROR] Failed to load resource: net::ERR_FAILED @ chrome-extension://invalid/:0
[  166440ms] [ERROR] Failed to load resource: net::ERR_FAILED @ chrome-extension://invalid/:0
[  166544ms] [ERROR] Failed to load resource: net::ERR_FAILED @ chrome-extension://invalid/:0
[  166646ms] [ERROR] Failed to load resource: net::ERR_FAILED @ chrome-extension://invalid/:0
[  166749ms] [ERROR] Failed to load resource: net::ERR_FAILED @ chrome-extension://invalid/:0
[  166853ms] [ERROR] Failed to load resource: net::ERR_FAILED @ chrome-extension://invalid/:0
[  166956ms] [ERROR] Failed to load resource: net::ERR_FAILED @ chrome-extension://invalid/:0
[  167058ms] [ERROR] Failed to load resource: net::ERR_FAILED @ chrome-extension://invalid/:0
[  167160ms] [ERROR] Failed to load resource: net::ERR_FAILED @ chrome-extension://invalid/:0
[  167263ms] [ERROR] Failed to load resource: net::ERR_FAILED @ chrome-extension://invalid/:0
[  167365ms] [ERROR] Failed to load resource: net::ERR_FAILED @ chrome-extension://invalid/:0
[  167470ms] [ERROR] Failed to load resource: net::ERR_FAILED @ chrome-extension://invalid/:0
[  167573ms] [ERROR] Failed to load resource: net::ERR_FAILED @ chrome-extension://invalid/:0
[  167679ms] [ERROR] Failed to load resource: net::ERR_FAILED @ chrome-extension://invalid/:0
[  167782ms] [ERROR] Failed to load resource: net::ERR_FAILED @ chrome-extension://invalid/:0
[  167886ms] [ERROR] Failed to load resource: net::ERR_FAILED @ chrome-extension://invalid/:0
[  167987ms] [ERROR] Failed to load resource: net::ERR_FAILED @ chrome-extension://invalid/:0
[  168090ms] [ERROR] Failed to load resource: net::ERR_FAILED @ chrome-extension://invalid/:0
[  168192ms] [ERROR] Failed to load resource: net::ERR_FAILED @ chrome-extension://invalid/:0
[  168295ms] [ERROR] Failed to load resource: net::ERR_FAILED @ chrome-extension://invalid/:0
[  168398ms] [ERROR] Failed to load resource: net::ERR_FAILED @ chrome-extension://invalid/:0
[  168504ms] [ERROR] Failed to load resource: net::ERR_FAILED @ chrome-extension://invalid/:0
[  168606ms] [ERROR] Failed to load resource: net::ERR_FAILED @ chrome-extension://invalid/:0
[  168712ms] [ERROR] Failed to load resource: net::ERR_FAILED @ chrome-extension://invalid/:0
[  168817ms] [ERROR] Failed to load resource: net::ERR_FAILED @ chrome-extension://invalid/:0
[  168919ms] [ERROR] Failed to load resource: net::ERR_FAILED @ chrome-extension://invalid/:0
[  169020ms] [ERROR] Failed to load resource: net::ERR_FAILED @ chrome-extension://invalid/:0
[  169123ms] [ERROR] Failed to load resource: net::ERR_FAILED @ chrome-extension://invalid/:0
[  169227ms] [ERROR] Failed to load resource: net::ERR_FAILED @ chrome-extension://invalid/:0
[  169328ms] [ERROR] Failed to load resource: net::ERR_FAILED @ chrome-extension://invalid/:0
[  169430ms] [ERROR] Failed to load resource: net::ERR_FAILED @ chrome-extension://invalid/:0
[  169534ms] [ERROR] Failed to load resource: net::ERR_FAILED @ chrome-extension://invalid/:0
[  169637ms] [ERROR] Failed to load resource: net::ERR_FAILED @ chrome-extension://invalid/:0
[  169743ms] [ERROR] Failed to load resource: net::ERR_FAILED @ chrome-extension://invalid/:0
[  169845ms] [ERROR] Failed to load resource: net::ERR_FAILED @ chrome-extension://invalid/:0
[  169950ms] [ERROR] Failed to load resource: net::ERR_FAILED @ chrome-extension://invalid/:0
[  170052ms] [ERROR] Failed to load resource: net::ERR_FAILED @ chrome-extension://invalid/:0
[  170155ms] [ERROR] Failed to load resource: net::ERR_FAILED @ chrome-extension://invalid/:0
[  170257ms] [ERROR] Failed to load resource: net::ERR_FAILED @ chrome-extension://invalid/:0
[  170360ms] [ERROR] Failed to load resource: net::ERR_FAILED @ chrome-extension://invalid/:0
[  170461ms] [ERROR] Failed to load resource: net::ERR_FAILED @ chrome-extension://invalid/:0
[  170564ms] [ERROR] Failed to load resource: net::ERR_FAILED @ chrome-extension://invalid/:0
[  170669ms] [ERROR] Failed to load resource: net::ERR_FAILED @ chrome-extension://invalid/:0
[  170776ms] [ERROR] Failed to load resource: net::ERR_FAILED @ chrome-extension://invalid/:0
[  170881ms] [ERROR] Failed to load resource: net::ERR_FAILED @ chrome-extension://invalid/:0
[  170988ms] [ERROR] Failed to load resource: net::ERR_FAILED @ chrome-extension://invalid/:0
[  171092ms] [ERROR] Failed to load resource: net::ERR_FAILED @ chrome-extension://invalid/:0
[  171197ms] [ERROR] Failed to load resource: net::ERR_FAILED @ chrome-extension://invalid/:0
[  171304ms] [ERROR] Failed to load resource: net::ERR_FAILED @ chrome-extension://invalid/:0
[  171406ms] [ERROR] Failed to load resource: net::ERR_FAILED @ chrome-extension://invalid/:0
[  171512ms] [ERROR] Failed to load resource: net::ERR_FAILED @ chrome-extension://invalid/:0
[  171617ms] [ERROR] Failed to load resource: net::ERR_FAILED @ chrome-extension://invalid/:0
[  171721ms] [ERROR] Failed to load resource: net::ERR_FAILED @ chrome-extension://invalid/:0
[  171823ms] [ERROR] Failed to load resource: net::ERR_FAILED @ chrome-extension://invalid/:0
[  171926ms] [ERROR] Failed to load resource: net::ERR_FAILED @ chrome-extension://invalid/:0
[  172028ms] [ERROR] Failed to load resource: net::ERR_FAILED @ chrome-extension://invalid/:0
[  172132ms] [ERROR] Failed to load resource: net::ERR_FAILED @ chrome-extension://invalid/:0
[  172236ms] [ERROR] Failed to load resource: net::ERR_FAILED @ chrome-extension://invalid/:0
[  172341ms] [ERROR] Failed to load resource: net::ERR_FAILED @ chrome-extension://invalid/:0
[  172443ms] [ERROR] Failed to load resource: net::ERR_FAILED @ chrome-extension://invalid/:0
[  172545ms] [ERROR] Failed to load resource: net::ERR_FAILED @ chrome-extension://invalid/:0
[  172648ms] [ERROR] Failed to load resource: net::ERR_FAILED @ chrome-extension://invalid/:0
[  172751ms] [ERROR] Failed to load resource: net::ERR_FAILED @ chrome-extension://invalid/:0
[  172853ms] [ERROR] Failed to load resource: net::ERR_FAILED @ chrome-extension://invalid/:0
[  172957ms] [ERROR] Failed to load resource: net::ERR_FAILED @ chrome-extension://invalid/:0
[  173061ms] [ERROR] Failed to load resource: net::ERR_FAILED @ chrome-extension://invalid/:0
[  173162ms] [ERROR] Failed to load resource: net::ERR_FAILED @ chrome-extension://invalid/:0
[  173266ms] [ERROR] Failed to load resource: net::ERR_FAILED @ chrome-extension://invalid/:0
[  173368ms] [ERROR] Failed to load resource: net::ERR_FAILED @ chrome-extension://invalid/:0
[  173472ms] [ERROR] Failed to load resource: net::ERR_FAILED @ chrome-extension://invalid/:0
[  173574ms] [ERROR] Failed to load resource: net::ERR_FAILED @ chrome-extension://invalid/:0
[  173678ms] [ERROR] Failed to load resource: net::ERR_FAILED @ chrome-extension://invalid/:0
[  173785ms] [ERROR] Failed to load resource: net::ERR_FAILED @ chrome-extension://invalid/:0
[  173891ms] [ERROR] Failed to load resource: net::ERR_FAILED @ chrome-extension://invalid/:0
[  173998ms] [ERROR] Failed to load resource: net::ERR_FAILED @ chrome-extension://invalid/:0
[  174104ms] [ERROR] Failed to load resource: net::ERR_FAILED @ chrome-extension://invalid/:0
[  174211ms] [ERROR] Failed to load resource: net::ERR_FAILED @ chrome-extension://invalid/:0
[  174313ms] [ERROR] Failed to load resource: net::ERR_FAILED @ chrome-extension://invalid/:0
[  174414ms] [ERROR] Failed to load resource: net::ERR_FAILED @ chrome-extension://invalid/:0
[  174518ms] [ERROR] Failed to load resource: net::ERR_FAILED @ chrome-extension://invalid/:0
[  174622ms] [ERROR] Failed to load resource: net::ERR_FAILED @ chrome-extension://invalid/:0
[  174726ms] [ERROR] Failed to load resource: net::ERR_FAILED @ chrome-extension://invalid/:0
[  174828ms] [ERROR] Failed to load resource: net::ERR_FAILED @ chrome-extension://invalid/:0
[  174930ms] [ERROR] Failed to load resource: net::ERR_FAILED @ chrome-extension://invalid/:0
[  175036ms] [ERROR] Failed to load resource: net::ERR_FAILED @ chrome-extension://invalid/:0
[  175143ms] [ERROR] Failed to load resource: net::ERR_FAILED @ chrome-extension://invalid/:0
[  175244ms] [ERROR] Failed to load resource: net::ERR_FAILED @ chrome-extension://invalid/:0
[  175347ms] [ERROR] Failed to load resource: net::ERR_FAILED @ chrome-extension://invalid/:0
[  175449ms] [ERROR] Failed to load resource: net::ERR_FAILED @ chrome-extension://invalid/:0
[  175551ms] [ERROR] Failed to load resource: net::ERR_FAILED @ chrome-extension://invalid/:0
[  175654ms] [ERROR] Failed to load resource: net::ERR_FAILED @ chrome-extension://invalid/:0
[  175757ms] [ERROR] Failed to load resource: net::ERR_FAILED @ chrome-extension://invalid/:0
[  175861ms] [ERROR] Failed to load resource: net::ERR_FAILED @ chrome-extension://invalid/:0
[  175965ms] [ERROR] Failed to load resource: net::ERR_FAILED @ chrome-extension://invalid/:0
[  176071ms] [ERROR] Failed to load resource: net::ERR_FAILED @ chrome-extension://invalid/:0
[  176173ms] [ERROR] Failed to load resource: net::ERR_FAILED @ chrome-extension://invalid/:0
[  176277ms] [ERROR] Failed to load resource: net::ERR_FAILED @ chrome-extension://invalid/:0
[  176383ms] [ERROR] Failed to load resource: net::ERR_FAILED @ chrome-extension://invalid/:0
[  176490ms] [ERROR] Failed to load resource: net::ERR_FAILED @ chrome-extension://invalid/:0
[  176596ms] [ERROR] Failed to load resource: net::ERR_FAILED @ chrome-extension://invalid/:0
[  176699ms] [ERROR] Failed to load resource: net::ERR_FAILED @ chrome-extension://invalid/:0
[  176806ms] [ERROR] Failed to load resource: net::ERR_FAILED @ chrome-extension://invalid/:0
[  176912ms] [ERROR] Failed to load resource: net::ERR_FAILED @ chrome-extension://invalid/:0
[  177017ms] [ERROR] Failed to load resource: net::ERR_FAILED @ chrome-extension://invalid/:0
[  177120ms] [ERROR] Failed to load resource: net::ERR_FAILED @ chrome-extension://invalid/:0
[  177223ms] [ERROR] Failed to load resource: net::ERR_FAILED @ chrome-extension://invalid/:0
[  177326ms] [ERROR] Failed to load resource: net::ERR_FAILED @ chrome-extension://invalid/:0
[  177430ms] [ERROR] Failed to load resource: net::ERR_FAILED @ chrome-extension://invalid/:0
[  177533ms] [ERROR] Failed to load resource: net::ERR_FAILED @ chrome-extension://invalid/:0
[  177639ms] [ERROR] Failed to load resource: net::ERR_FAILED @ chrome-extension://invalid/:0
[  177744ms] [ERROR] Failed to load resource: net::ERR_FAILED @ chrome-extension://invalid/:0
[  177846ms] [ERROR] Failed to load resource: net::ERR_FAILED @ chrome-extension://invalid/:0
[  177949ms] [ERROR] Failed to load resource: net::ERR_FAILED @ chrome-extension://invalid/:0
[  178052ms] [ERROR] Failed to load resource: net::ERR_FAILED @ chrome-extension://invalid/:0
[  178154ms] [ERROR] Failed to load resource: net::ERR_FAILED @ chrome-extension://invalid/:0
[  178258ms] [ERROR] Failed to load resource: net::ERR_FAILED @ chrome-extension://invalid/:0
[  178361ms] [ERROR] Failed to load resource: net::ERR_FAILED @ chrome-extension://invalid/:0
[  178465ms] [ERROR] Failed to load resource: net::ERR_FAILED @ chrome-extension://invalid/:0
[  178570ms] [ERROR] Failed to load resource: net::ERR_FAILED @ chrome-extension://invalid/:0
[  178677ms] [ERROR] Failed to load resource: net::ERR_FAILED @ chrome-extension://invalid/:0
[  178780ms] [ERROR] Failed to load resource: net::ERR_FAILED @ chrome-extension://invalid/:0
[  178886ms] [ERROR] Failed to load resource: net::ERR_FAILED @ chrome-extension://invalid/:0
[  179024ms] [ERROR] Failed to load resource: net::ERR_FAILED @ chrome-extension://invalid/:0
